Tipo;Bairro;Quartos;Vagas;Suites;Area;Valor;Condominio;IPTU;Valor m2;Tipo Agregado
Apartamento;Tijuca;2;1;0;110;1900.0;700.0;138.0;17.27;Apartamento
Apartamento;Tijuca;2;1;0;78;2000.0;700.0;0.0;25.64;Apartamento
Apartamento;Tijuca;1;0;0;48;750.0;772.0;25.0;15.62;Apartamento
Apartamento;Tijuca;2;1;0;80;1800.0;1100.0;84.0;22.5;Apartamento
Apartamento;Tijuca;3;1;0;172;2700.0;780.0;170.0;15.7;Apartamento
Apartamento;Tijuca;3;0;0;87;1600.0;650.0;100.0;18.39;Apartamento
Apartamento;Tijuca;3;1;1;78;2500.0;730.0;178.0;32.05;Apartamento
Apartamento;Tijuca;1;0;0;65;1200.0;320.0;0.0;18.46;Apartamento
Apartamento;Tijuca;3;0;0;75;1800.0;350.0;0.0;24.0;Apartamento
Apartamento;Tijuca;2;1;1;71;1500.0;600.0;0.0;21.13;Apartamento
Apartamento;Tijuca;2;0;0;50;1800.0;347.0;25.0;36.0;Apartamento
Apartamento;Tijuca;2;0;0;63;1400.0;440.0;61.0;22.22;Apartamento
Apartamento;Tijuca;3;1;0;129;1800.0;850.0;116.0;13.95;Apartamento
Apartamento;Tijuca;3;1;0;164;3500.0;1310.0;257.0;21.34;Apartamento
Apartamento;Tijuca;1;0;0;36;1300.0;295.0;24.0;36.11;Apartamento
Apartamento;Tijuca;2;1;1;70;1500.0;890.0;68.0;21.43;Apartamento
Apartamento;Tijuca;3;1;0;88;2300.0;790.0;885.0;26.14;Apartamento
Apartamento;Tijuca;3;1;0;116;2000.0;790.0;194.0;17.24;Apartamento
Apartamento;Tijuca;1;1;1;84;2000.0;718.0;120.0;23.81;Apartamento
Apartamento;Tijuca;2;0;0;49;1800.0;180.0;0.0;36.73;Apartamento
Apartamento;Tijuca;1;1;1;87;1400.0;1057.0;162.0;16.09;Apartamento
Apartamento;Tijuca;2;1;0;60;1800.0;420.0;0.0;30.0;Apartamento
Apartamento;Tijuca;2;1;0;70;1850.0;748.0;48.0;26.43;Apartamento
Apartamento;Tijuca;3;1;1;106;2050.0;872.0;1008.0;19.34;Apartamento
Apartamento;Tijuca;2;1;1;81;2350.0;849.0;80.0;29.01;Apartamento
Apartamento;Tijuca;3;0;0;98;1700.0;390.0;93.0;17.35;Apartamento
Apartamento;Tijuca;2;1;0;88;1100.0;693.0;32.0;12.5;Apartamento
Apartamento;Tijuca;2;1;0;72;1500.0;734.0;0.0;20.83;Apartamento
Apartamento;Tijuca;3;0;0;86;1500.0;690.0;83.0;17.44;Apartamento
Apartamento;Tijuca;2;1;1;70;1600.0;740.0;0.0;22.86;Apartamento
Apartamento;Tijuca;3;2;1;150;2000.0;1700.0;210.0;13.33;Apartamento
Apartamento;Tijuca;2;1;1;85;1600.0;960.0;90.0;18.82;Apartamento
Apartamento;Tijuca;3;1;1;80;3000.0;967.0;184.0;37.5;Apartamento
Apartamento;Tijuca;2;0;1;48;1700.0;700.0;0.0;35.42;Apartamento
Apartamento;Tijuca;3;2;1;109;2500.0;742.0;105.0;22.94;Apartamento
Apartamento;Tijuca;2;1;1;80;1500.0;500.0;30.0;18.75;Apartamento
Apartamento;Tijuca;3;1;2;100;2500.0;1300.0;283.0;25.0;Apartamento
Apartamento;Tijuca;1;0;0;34;1400.0;251.0;24.0;41.18;Apartamento
Apartamento;Tijuca;2;1;1;97;2500.0;660.0;0.0;25.77;Apartamento
Apartamento;Tijuca;3;0;0;80;1600.0;350.0;0.0;20.0;Apartamento
Apartamento;Tijuca;2;1;1;84;2750.0;690.0;182.0;32.74;Apartamento
Apartamento;Tijuca;1;0;0;42;1500.0;150.0;226.0;35.71;Apartamento
Apartamento;Tijuca;3;2;1;120;2800.0;1600.0;170.0;23.33;Apartamento
Apartamento;Tijuca;3;1;0;81;1750.0;597.0;94.0;21.6;Apartamento
Apartamento;Tijuca;3;0;0;80;1600.0;660.0;98.0;20.0;Apartamento
Apartamento;Tijuca;3;1;1;82;1800.0;1100.0;112.0;21.95;Apartamento
Apartamento;Tijuca;2;0;0;67;1400.0;480.0;48.0;20.9;Apartamento
Apartamento;Tijuca;3;0;3;110;2800.0;250.0;235.0;25.45;Apartamento
Apartamento;Tijuca;2;1;1;68;1550.0;600.0;0.0;22.79;Apartamento
Apartamento;Tijuca;3;2;1;85;2350.0;900.0;96.0;27.65;Apartamento
Apartamento;Tijuca;3;1;1;126;1800.0;1109.0;162.0;14.29;Apartamento
Apartamento;Tijuca;1;0;0;40;1100.0;350.0;50.0;27.5;Apartamento
Apartamento;Tijuca;3;2;1;102;2600.0;798.0;89.0;25.49;Apartamento
Apartamento;Tijuca;3;1;0;125;2500.0;1100.0;200.0;20.0;Apartamento
Apartamento;Tijuca;3;1;0;98;2200.0;630.0;0.0;22.45;Apartamento
Apartamento;Tijuca;2;0;0;81;1800.0;665.0;86.0;22.22;Apartamento
Apartamento;Tijuca;2;0;0;90;1400.0;600.0;35.0;15.56;Apartamento
Apartamento;Tijuca;2;0;0;75;1700.0;280.0;0.0;22.67;Apartamento
Apartamento;Tijuca;2;0;0;89;1400.0;60.0;0.0;15.73;Apartamento
Apartamento;Tijuca;2;1;0;73;1700.0;500.0;0.0;23.29;Apartamento
Apartamento;Tijuca;2;1;0;90;1700.0;470.0;91.0;18.89;Apartamento
Apartamento;Tijuca;2;1;1;70;1850.0;550.0;0.0;26.43;Apartamento
Apartamento;Tijuca;2;1;0;66;2200.0;712.0;65.0;33.33;Apartamento
Apartamento;Tijuca;4;1;1;190;2800.0;900.0;180.0;14.74;Apartamento
Apartamento;Tijuca;1;1;0;68;1600.0;447.0;64.0;23.53;Apartamento
Apartamento;Tijuca;2;0;0;65;1900.0;580.0;87.0;29.23;Apartamento
Apartamento;Tijuca;3;1;1;140;1800.0;1147.0;0.0;12.86;Apartamento
Apartamento;Tijuca;3;1;0;140;2300.0;680.0;114.0;16.43;Apartamento
Apartamento;Tijuca;3;1;0;80;1900.0;700.0;60.0;23.75;Apartamento
Apartamento;Tijuca;1;0;0;63;1300.0;725.0;50.0;20.63;Apartamento
Apartamento;Tijuca;3;1;0;107;2300.0;400.0;0.0;21.5;Apartamento
Apartamento;Tijuca;2;0;0;76;1800.0;700.0;24.0;23.68;Apartamento
Apartamento;Tijuca;1;1;0;55;1600.0;653.0;41.0;29.09;Apartamento
Apartamento;Tijuca;3;1;1;87;2300.0;559.0;100.0;26.44;Apartamento
Apartamento;Tijuca;4;1;0;160;2000.0;1032.0;1056.0;12.5;Apartamento
Apartamento;Tijuca;1;0;0;60;1800.0;470.0;0.0;30.0;Apartamento
Apartamento;Tijuca;2;1;1;92;2900.0;907.0;0.0;31.52;Apartamento
Apartamento;Tijuca;3;2;1;135;2000.0;920.0;2400.0;14.81;Apartamento
Apartamento;Tijuca;2;1;0;66;2300.0;125.0;531.0;34.85;Apartamento
Apartamento;Tijuca;2;0;0;70;1600.0;850.0;84.0;22.86;Apartamento
Apartamento;Tijuca;2;1;0;210;3200.0;792.0;178.0;15.24;Apartamento
Apartamento;Tijuca;3;1;0;105;2200.0;684.0;132.0;20.95;Apartamento
Apartamento;Tijuca;3;1;0;75;1900.0;510.0;0.0;25.33;Apartamento
Apartamento;Tijuca;2;0;0;80;1600.0;250.0;20.0;20.0;Apartamento
Apartamento;Tijuca;3;2;0;74;2500.0;713.0;95.0;33.78;Apartamento
Apartamento;Tijuca;2;1;1;71;1400.0;600.0;0.0;19.72;Apartamento
Apartamento;Tijuca;3;0;0;120;1800.0;616.0;118.0;15.0;Apartamento
Apartamento;Tijuca;2;0;0;40;1100.0;742.0;20.0;27.5;Apartamento
Apartamento;Tijuca;2;0;0;80;1400.0;618.0;70.0;17.5;Apartamento
Apartamento;Tijuca;2;1;1;85;3300.0;900.0;0.0;38.82;Apartamento
Apartamento;Tijuca;1;1;0;51;1300.0;412.0;21.0;25.49;Apartamento
Apartamento;Tijuca;2;1;1;68;2400.0;1015.0;1152.0;35.29;Apartamento
Apartamento;Tijuca;3;0;0;120;2400.0;686.0;78.0;20.0;Apartamento
Apartamento;Tijuca;2;1;1;80;1800.0;1181.0;0.0;22.5;Apartamento
Apartamento;Tijuca;3;1;0;115;2250.0;1000.0;175.0;19.57;Apartamento
Apartamento;Tijuca;1;0;0;35;800.0;380.0;24.0;22.86;Apartamento
Apartamento;Tijuca;2;0;2;68;1600.0;606.0;62.0;23.53;Apartamento
Apartamento;Tijuca;2;1;0;86;1100.0;534.0;0.0;12.79;Apartamento
Apartamento;Tijuca;2;1;0;67;1800.0;940.0;92.0;26.87;Apartamento
Apartamento;Tijuca;2;0;0;84;1300.0;550.0;91.0;15.48;Apartamento
Apartamento;Tijuca;4;1;2;190;2000.0;1247.0;353.0;10.53;Apartamento
Apartamento;Tijuca;3;0;0;75;1500.0;877.0;36.0;20.0;Apartamento
Apartamento;Tijuca;3;0;0;75;2200.0;750.0;68.0;29.33;Apartamento
Apartamento;Tijuca;3;2;0;74;2500.0;785.0;93.0;33.78;Apartamento
Apartamento;Tijuca;3;1;1;150;2500.0;1200.0;175.0;16.67;Apartamento
Apartamento;Tijuca;2;1;0;67;2000.0;760.0;0.0;29.85;Apartamento
Apartamento;Tijuca;1;1;0;47;1100.0;600.0;0.0;23.4;Apartamento
Apartamento;Tijuca;3;1;0;100;1700.0;840.0;110.0;17.0;Apartamento
Apartamento;Tijuca;1;0;0;80;1900.0;550.0;51.0;23.75;Apartamento
Apartamento;Tijuca;2;1;1;78;2400.0;900.0;132.0;30.77;Apartamento
Apartamento;Tijuca;3;1;0;90;2350.0;747.0;0.0;26.11;Apartamento
Apartamento;Tijuca;3;1;1;90;2000.0;887.0;123.0;22.22;Apartamento
Apartamento;Tijuca;2;1;0;90;2000.0;700.0;75.0;22.22;Apartamento
Apartamento;Tijuca;3;0;1;100;1800.0;850.0;130.0;18.0;Apartamento
Apartamento;Tijuca;3;1;1;96;1950.0;500.0;93.0;20.31;Apartamento
Apartamento;Tijuca;1;0;0;35;800.0;420.0;0.0;22.86;Apartamento
Apartamento;Tijuca;3;0;0;105;2200.0;512.0;128.0;20.95;Apartamento
Apartamento;Tijuca;2;0;0;73;1400.0;491.0;0.0;19.18;Apartamento
Apartamento;Tijuca;2;0;0;79;1800.0;380.0;0.0;22.78;Apartamento
Apartamento;Tijuca;2;1;0;71;1750.0;540.0;83.0;24.65;Apartamento
Apartamento;Tijuca;3;1;1;80;1750.0;850.0;125.0;21.88;Apartamento
Apartamento;Tijuca;3;1;1;85;2300.0;569.0;0.0;27.06;Apartamento
Apartamento;Tijuca;3;0;0;85;1600.0;515.0;0.0;18.82;Apartamento
Apartamento;Tijuca;3;1;0;85;2200.0;850.0;92.0;25.88;Apartamento
Apartamento;Tijuca;3;1;0;148;2500.0;1100.0;220.0;16.89;Apartamento
Apartamento;Tijuca;3;1;1;68;2200.0;972.0;95.0;32.35;Apartamento
Apartamento;Tijuca;2;1;0;79;1500.0;470.0;0.0;18.99;Apartamento
Apartamento;Tijuca;2;1;2;87;2950.0;740.0;130.0;33.91;Apartamento
Apartamento;Tijuca;3;1;0;100;2500.0;1277.0;0.0;25.0;Apartamento
Apartamento;Tijuca;2;2;0;80;1800.0;550.0;81.0;22.5;Apartamento
Apartamento;Tijuca;3;1;0;125;2500.0;1100.0;200.0;20.0;Apartamento
Apartamento;Tijuca;2;1;0;62;1400.0;640.0;202.0;22.58;Apartamento
Apartamento;Tijuca;1;0;0;47;1400.0;530.0;0.0;29.79;Apartamento
Apartamento;Tijuca;2;1;1;67;1800.0;1080.0;0.0;26.87;Apartamento
Apartamento;Tijuca;2;0;1;75;1900.0;716.0;87.0;25.33;Apartamento
Apartamento;Tijuca;3;1;0;72;1950.0;200.0;83.0;27.08;Apartamento
Apartamento;Tijuca;3;1;0;170;2500.0;780.0;178.0;14.71;Apartamento
Apartamento;Tijuca;3;1;1;145;2800.0;1000.0;192.0;19.31;Apartamento
Apartamento;Tijuca;1;1;0;50;1200.0;390.0;30.0;24.0;Apartamento
Apartamento;Tijuca;3;0;1;90;1500.0;935.0;97.0;16.67;Apartamento
Apartamento;Tijuca;3;1;1;110;2900.0;1100.0;182.0;26.36;Apartamento
Apartamento;Tijuca;4;1;0;230;3500.0;726.0;126.0;15.22;Apartamento
Apartamento;Tijuca;3;0;0;80;2500.0;450.0;65.0;31.25;Apartamento
Apartamento;Tijuca;2;0;0;79;1650.0;250.0;82.0;20.89;Apartamento
Apartamento;Tijuca;1;0;0;53;1200.0;402.0;19.0;22.64;Apartamento
Apartamento;Tijuca;2;1;0;65;1500.0;658.0;80.0;23.08;Apartamento
Apartamento;Tijuca;2;1;0;70;1800.0;255.0;40.0;25.71;Apartamento
Apartamento;Tijuca;2;1;0;56;1700.0;810.0;0.0;30.36;Apartamento
Apartamento;Tijuca;2;0;0;64;1600.0;446.0;47.0;25.0;Apartamento
Apartamento;Tijuca;3;1;1;160;2800.0;800.0;0.0;17.5;Apartamento
Apartamento;Tijuca;2;1;1;95;1700.0;856.0;111.0;17.89;Apartamento
Apartamento;Tijuca;1;0;1;48;1200.0;620.0;47.0;25.0;Apartamento
Apartamento;Tijuca;2;0;0;79;1200.0;917.0;91.0;15.19;Apartamento
Apartamento;Tijuca;1;0;0;52;1500.0;550.0;49.0;28.85;Apartamento
Apartamento;Tijuca;3;0;1;126;2600.0;846.0;224.0;20.63;Apartamento
Apartamento;Tijuca;2;0;0;80;1900.0;700.0;0.0;23.75;Apartamento
Apartamento;Tijuca;3;2;0;104;2500.0;1238.0;164.0;24.04;Apartamento
Apartamento;Tijuca;2;1;0;68;1350.0;670.0;74.0;19.85;Apartamento
Apartamento;Tijuca;2;1;1;76;2500.0;930.0;92.0;32.89;Apartamento
Apartamento;Tijuca;3;1;0;70;1700.0;790.0;113.0;24.29;Apartamento
Apartamento;Tijuca;1;0;0;51;1200.0;670.0;0.0;23.53;Apartamento
Apartamento;Tijuca;2;1;0;88;1200.0;640.0;0.0;13.64;Apartamento
Apartamento;Tijuca;3;1;0;95;2300.0;710.0;0.0;24.21;Apartamento
Apartamento;Tijuca;2;0;0;60;1450.0;510.0;0.0;24.17;Apartamento
Apartamento;Tijuca;3;0;0;100;2200.0;600.0;0.0;22.0;Apartamento
Apartamento;Tijuca;2;0;0;75;1800.0;400.0;0.0;24.0;Apartamento
Apartamento;Tijuca;2;0;0;60;1500.0;300.0;25.0;25.0;Apartamento
Apartamento;Tijuca;2;0;0;70;1750.0;410.0;64.0;25.0;Apartamento
Apartamento;Tijuca;3;1;1;90;3000.0;900.0;0.0;33.33;Apartamento
Apartamento;Tijuca;2;1;0;70;2000.0;660.0;85.0;28.57;Apartamento
Apartamento;Tijuca;2;0;0;65;2400.0;506.0;0.0;36.92;Apartamento
Apartamento;Tijuca;2;1;0;73;1800.0;715.0;0.0;24.66;Apartamento
Apartamento;Tijuca;1;0;0;50;1500.0;380.0;0.0;30.0;Apartamento
Apartamento;Tijuca;3;2;1;136;3400.0;1300.0;252.0;25.0;Apartamento
Apartamento;Tijuca;3;0;1;118;2500.0;840.0;0.0;21.19;Apartamento
Apartamento;Tijuca;2;0;0;60;1800.0;442.0;20.0;30.0;Apartamento
Apartamento;Tijuca;2;0;0;85;1300.0;634.0;0.0;15.29;Apartamento
Apartamento;Tijuca;2;0;0;50;1000.0;300.0;0.0;20.0;Apartamento
Apartamento;Tijuca;3;0;1;110;3300.0;1215.0;0.0;30.0;Apartamento
Apartamento;Tijuca;3;1;0;90;1300.0;670.0;0.0;14.44;Apartamento
Apartamento;Tijuca;3;0;0;119;1900.0;605.0;173.0;15.97;Apartamento
Apartamento;Tijuca;3;1;1;88;2200.0;871.0;0.0;25.0;Apartamento
Apartamento;Tijuca;1;0;0;48;1500.0;376.0;21.0;31.25;Apartamento
Apartamento;Tijuca;2;1;0;67;1200.0;450.0;97.0;17.91;Apartamento
Apartamento;Tijuca;2;0;0;110;1800.0;350.0;0.0;16.36;Apartamento
Apartamento;Tijuca;2;1;1;80;1700.0;800.0;98.0;21.25;Apartamento
Apartamento;Tijuca;3;1;0;107;2100.0;480.0;0.0;19.63;Apartamento
Apartamento;Tijuca;2;1;0;73;1750.0;580.0;107.0;23.97;Apartamento
Apartamento;Tijuca;3;1;1;130;2800.0;950.0;0.0;21.54;Apartamento
Apartamento;Tijuca;3;1;0;89;2300.0;889.0;122.0;25.84;Apartamento
Apartamento;Tijuca;2;1;1;70;1900.0;700.0;78.0;27.14;Apartamento
Apartamento;Tijuca;2;0;0;68;1700.0;700.0;0.0;25.0;Apartamento
Apartamento;Tijuca;3;1;0;90;2100.0;987.0;0.0;23.33;Apartamento
Apartamento;Tijuca;3;0;0;84;1200.0;400.0;102.0;14.29;Apartamento
Apartamento;Tijuca;2;0;0;66;1600.0;535.0;82.0;24.24;Apartamento
Apartamento;Tijuca;1;0;0;35;1500.0;370.0;47.0;42.86;Apartamento
Apartamento;Tijuca;2;1;1;69;1800.0;620.0;65.0;26.09;Apartamento
Apartamento;Tijuca;2;1;1;87;2500.0;550.0;0.0;28.74;Apartamento
Apartamento;Tijuca;2;0;0;60;1700.0;535.0;0.0;28.33;Apartamento
Apartamento;Tijuca;3;2;2;160;3100.0;1260.0;183.0;19.38;Apartamento
Apartamento;Tijuca;2;0;0;70;1600.0;460.0;48.0;22.86;Apartamento
Apartamento;Tijuca;3;2;1;110;2300.0;1200.0;170.0;20.91;Apartamento
Apartamento;Tijuca;3;1;1;110;2800.0;763.0;0.0;25.45;Apartamento
Apartamento;Tijuca;1;0;1;43;1300.0;530.0;0.0;30.23;Apartamento
Apartamento;Tijuca;2;1;0;75;1255.0;867.0;0.0;16.73;Apartamento
Apartamento;Tijuca;2;1;1;80;2200.0;789.0;69.0;27.5;Apartamento
Apartamento;Tijuca;2;1;1;77;1800.0;812.0;105.0;23.38;Apartamento
Apartamento;Tijuca;3;1;1;98;3100.0;1310.0;182.0;31.63;Apartamento
Apartamento;Tijuca;1;1;0;67;1500.0;705.0;67.0;22.39;Apartamento
Apartamento;Tijuca;3;1;1;81;2000.0;600.0;89.0;24.69;Apartamento
Apartamento;Tijuca;3;1;1;94;3500.0;957.0;2200.0;37.23;Apartamento
Apartamento;Tijuca;2;0;0;80;1300.0;330.0;25.0;16.25;Apartamento
Apartamento;Tijuca;1;0;0;38;1200.0;485.0;20.0;31.58;Apartamento
Apartamento;Tijuca;3;1;0;111;2700.0;680.0;130.0;24.32;Apartamento
Apartamento;Tijuca;2;0;0;75;1600.0;210.0;51.0;21.33;Apartamento
Apartamento;Tijuca;2;1;1;85;2000.0;700.0;90.0;23.53;Apartamento
Apartamento;Tijuca;3;1;0;115;1900.0;720.0;130.0;16.52;Apartamento
Apartamento;Tijuca;2;0;0;65;1800.0;360.0;202.0;27.69;Apartamento
Apartamento;Tijuca;4;1;1;98;2700.0;1380.0;140.0;27.55;Apartamento
Apartamento;Tijuca;3;1;1;105;3200.0;1000.0;207.0;30.48;Apartamento
Apartamento;Tijuca;2;1;0;64;1700.0;939.0;23.0;26.56;Apartamento
Apartamento;Tijuca;3;0;0;100;2200.0;1040.0;0.0;22.0;Apartamento
Apartamento;Tijuca;2;1;0;75;1800.0;350.0;64.0;24.0;Apartamento
Apartamento;Tijuca;2;0;0;64;1000.0;470.0;70.0;15.62;Apartamento
Apartamento;Tijuca;2;0;0;68;1800.0;400.0;24.0;26.47;Apartamento
Apartamento;Tijuca;1;0;0;40;1100.0;450.0;24.0;27.5;Apartamento
Apartamento;Tijuca;2;1;1;89;2200.0;820.0;0.0;24.72;Apartamento
Apartamento;Tijuca;2;1;0;64;1800.0;980.0;49.0;28.12;Apartamento
Apartamento;Tijuca;1;1;0;64;1850.0;738.0;123.0;28.91;Apartamento
Apartamento;Tijuca;3;2;1;180;1500.0;2000.0;284.0;8.33;Apartamento
Apartamento;Tijuca;2;0;0;80;1700.0;455.0;28.0;21.25;Apartamento
Apartamento;Tijuca;2;1;1;87;2800.0;950.0;164.0;32.18;Apartamento
Apartamento;Tijuca;2;0;0;33;1500.0;641.0;25.0;45.45;Apartamento
Apartamento;Tijuca;3;2;1;125;2850.0;970.0;150.0;22.8;Apartamento
Apartamento;Tijuca;3;1;1;170;3200.0;1100.0;180.0;18.82;Apartamento
Apartamento;Tijuca;1;1;0;60;1400.0;600.0;92.0;23.33;Apartamento
Apartamento;Tijuca;1;1;0;40;1250.0;446.0;16.0;31.25;Apartamento
Apartamento;Tijuca;2;1;0;76;2100.0;1033.0;124.0;27.63;Apartamento
Apartamento;Tijuca;4;2;1;125;2950.0;1530.0;197.0;23.6;Apartamento
Apartamento;Tijuca;3;1;1;120;1800.0;1188.0;170.0;15.0;Apartamento
Apartamento;Tijuca;2;0;0;60;1200.0;350.0;0.0;20.0;Apartamento
Apartamento;Tijuca;3;0;0;90;1800.0;873.0;75.0;20.0;Apartamento
Apartamento;Tijuca;4;2;1;188;2000.0;2000.0;309.0;10.64;Apartamento
Apartamento;Tijuca;2;1;0;112;1800.0;335.0;134.0;16.07;Apartamento
Apartamento;Tijuca;2;1;0;75;2000.0;590.0;75.0;26.67;Apartamento
Apartamento;Tijuca;2;1;1;103;2600.0;550.0;150.0;25.24;Apartamento
Apartamento;Tijuca;3;2;1;132;2800.0;1216.0;200.0;21.21;Apartamento
Apartamento;Tijuca;2;0;0;70;1300.0;580.0;30.0;18.57;Apartamento
Apartamento;Tijuca;1;0;0;40;1500.0;611.0;24.0;37.5;Apartamento
Apartamento;Tijuca;2;1;1;60;2200.0;694.0;47.0;36.67;Apartamento
Apartamento;Tijuca;2;1;1;70;2000.0;600.0;75.0;28.57;Apartamento
Apartamento;Tijuca;2;1;0;90;2800.0;800.0;70.0;31.11;Apartamento
Apartamento;Tijuca;1;0;0;50;1200.0;600.0;48.0;24.0;Apartamento
Apartamento;Tijuca;3;2;0;126;2000.0;550.0;1100.0;15.87;Apartamento
Apartamento;Tijuca;3;2;1;116;3500.0;1210.0;317.0;30.17;Apartamento
Apartamento;Tijuca;3;0;1;75;2300.0;600.0;150.0;30.67;Apartamento
Apartamento;Tijuca;3;1;1;99;1800.0;710.0;0.0;18.18;Apartamento
Apartamento;Tijuca;3;0;1;110;2500.0;700.0;150.0;22.73;Apartamento
Apartamento;Tijuca;3;2;1;120;2580.0;926.0;187.0;21.5;Apartamento
Apartamento;Tijuca;3;1;1;81;1750.0;596.0;89.0;21.6;Apartamento
Apartamento;Tijuca;2;1;0;69;1400.0;655.0;0.0;20.29;Apartamento
Apartamento;Tijuca;1;1;0;65;1250.0;790.0;81.0;19.23;Apartamento
Apartamento;Tijuca;2;1;0;66;1300.0;583.0;0.0;19.7;Apartamento
Apartamento;Tijuca;1;0;0;34;1400.0;228.0;24.0;41.18;Apartamento
Apartamento;Tijuca;1;1;0;48;1400.0;556.0;46.0;29.17;Apartamento
Apartamento;Tijuca;1;0;1;70;1200.0;300.0;25.0;17.14;Apartamento
Apartamento;Tijuca;2;1;0;65;2000.0;592.0;0.0;30.77;Apartamento
Apartamento;Tijuca;3;0;0;80;1700.0;500.0;50.0;21.25;Apartamento
Apartamento;Tijuca;1;0;0;33;1000.0;515.0;14.0;30.3;Apartamento
Apartamento;Tijuca;2;0;0;90;1750.0;725.0;30.0;19.44;Apartamento
Apartamento;Tijuca;2;0;0;80;1600.0;690.0;23.0;20.0;Apartamento
Apartamento;Tijuca;1;0;0;58;1500.0;426.0;4810.0;25.86;Apartamento
Apartamento;Tijuca;3;1;1;85;2100.0;630.0;116.0;24.71;Apartamento
Apartamento;Tijuca;2;1;0;65;1500.0;680.0;0.0;23.08;Apartamento
Apartamento;Tijuca;2;1;1;86;1200.0;534.0;96.0;13.95;Apartamento
Apartamento;Tijuca;1;0;0;25;1450.0;485.0;25.0;58.0;Apartamento
Apartamento;Tijuca;2;1;1;85;1700.0;780.0;100.0;20.0;Apartamento
Apartamento;Tijuca;2;1;0;97;2300.0;835.0;104.0;23.71;Apartamento
Apartamento;Tijuca;2;1;0;86;1900.0;722.0;149.0;22.09;Apartamento
Apartamento;Tijuca;3;0;0;84;1700.0;790.0;1830.0;20.24;Apartamento
Apartamento;Tijuca;2;1;0;62;1990.0;556.0;50.0;32.1;Apartamento
Apartamento;Tijuca;3;0;1;91;2800.0;450.0;0.0;30.77;Apartamento
Apartamento;Tijuca;2;1;0;64;1250.0;695.0;0.0;19.53;Apartamento
Apartamento;Tijuca;3;1;0;73;1900.0;638.0;0.0;26.03;Apartamento
Apartamento;Tijuca;2;0;0;71;1620.0;300.0;0.0;22.82;Apartamento
Apartamento;Tijuca;2;1;0;90;1500.0;800.0;78.0;16.67;Apartamento
Apartamento;Tijuca;2;0;0;60;2000.0;450.0;51.0;33.33;Apartamento
Apartamento;Tijuca;2;0;0;80;1300.0;855.0;0.0;16.25;Apartamento
Apartamento;Tijuca;3;1;0;100;2200.0;935.0;0.0;22.0;Apartamento
Apartamento;Tijuca;3;1;1;120;2200.0;900.0;1520.0;18.33;Apartamento
Apartamento;Tijuca;2;0;0;60;1800.0;470.0;102.0;30.0;Apartamento
Apartamento;Tijuca;2;0;0;65;1600.0;600.0;0.0;24.62;Apartamento
Apartamento;Tijuca;3;0;1;90;2300.0;650.0;100.0;25.56;Apartamento
Apartamento;Tijuca;3;1;1;74;2500.0;882.0;119.0;33.78;Apartamento
Apartamento;Tijuca;2;1;0;54;1700.0;793.0;50.0;31.48;Apartamento
Apartamento;Tijuca;2;0;0;65;950.0;365.0;25.0;14.62;Apartamento
Apartamento;Tijuca;2;0;0;67;1300.0;357.0;20.0;19.4;Apartamento
Apartamento;Tijuca;2;0;0;57;1600.0;567.0;0.0;28.07;Apartamento
Apartamento;Tijuca;5;1;0;220;3400.0;1200.0;0.0;15.45;Apartamento
Apartamento;Tijuca;2;1;1;75;1900.0;598.0;0.0;25.33;Apartamento
Apartamento;Tijuca;3;1;1;90;2000.0;980.0;0.0;22.22;Apartamento
Apartamento;Tijuca;2;0;0;60;1550.0;650.0;90.0;25.83;Apartamento
Apartamento;Tijuca;1;0;0;50;1250.0;500.0;50.0;25.0;Apartamento
Apartamento;Tijuca;2;1;1;70;1500.0;800.0;0.0;21.43;Apartamento
Apartamento;Tijuca;3;1;0;86;1900.0;675.0;110.0;22.09;Apartamento
Apartamento;Tijuca;2;1;0;64;1700.0;939.0;23.0;26.56;Apartamento
Apartamento;Tijuca;3;1;1;115;2500.0;1200.0;0.0;21.74;Apartamento
Apartamento;Tijuca;3;1;0;56;2100.0;520.0;0.0;37.5;Apartamento
Apartamento;Tijuca;2;1;0;80;2300.0;662.0;0.0;28.75;Apartamento
Apartamento;Tijuca;3;1;1;140;2800.0;1260.0;0.0;20.0;Apartamento
Apartamento;Tijuca;3;1;0;77;2100.0;762.0;91.0;27.27;Apartamento
Apartamento;Tijuca;3;0;0;61;1800.0;467.0;62.0;29.51;Apartamento
Apartamento;Tijuca;3;0;0;110;1500.0;680.0;85.0;13.64;Apartamento
Apartamento;Tijuca;2;1;0;75;2300.0;500.0;0.0;30.67;Apartamento
Apartamento;Tijuca;2;0;0;65;1500.0;500.0;0.0;23.08;Apartamento
Apartamento;Tijuca;1;1;0;65;1700.0;501.0;0.0;26.15;Apartamento
Apartamento;Tijuca;2;0;0;65;1600.0;450.0;70.0;24.62;Apartamento
Apartamento;Tijuca;2;0;0;75;1400.0;650.0;68.0;18.67;Apartamento
Apartamento;Tijuca;4;1;1;129;3200.0;1300.0;184.0;24.81;Apartamento
Apartamento;Tijuca;3;0;1;80;1800.0;650.0;1150.0;22.5;Apartamento
Apartamento;Tijuca;1;1;0;57;1200.0;690.0;21.0;21.05;Apartamento
Apartamento;Tijuca;2;1;1;81;1500.0;880.0;65.0;18.52;Apartamento
Apartamento;Tijuca;3;0;0;80;1850.0;590.0;100.0;23.12;Apartamento
Apartamento;Tijuca;3;1;0;80;1800.0;850.0;90.0;22.5;Apartamento
Apartamento;Tijuca;2;0;0;71;1300.0;595.0;53.0;18.31;Apartamento
Apartamento;Tijuca;2;0;0;66;1650.0;545.0;0.0;25.0;Apartamento
Apartamento;Tijuca;1;0;0;50;1500.0;511.0;0.0;30.0;Apartamento
Apartamento;Tijuca;2;0;0;90;1500.0;480.0;0.0;16.67;Apartamento
Apartamento;Tijuca;2;1;1;75;1800.0;670.0;50.0;24.0;Apartamento
Apartamento;Tijuca;3;1;1;100;1600.0;320.0;90.0;16.0;Apartamento
Apartamento;Tijuca;2;2;1;90;2000.0;1100.0;0.0;22.22;Apartamento
Apartamento;Tijuca;2;1;1;75;1800.0;620.0;150.0;24.0;Apartamento
Apartamento;Tijuca;2;1;1;86;2500.0;707.0;0.0;29.07;Apartamento
Apartamento;Tijuca;3;0;0;72;1300.0;536.0;70.0;18.06;Apartamento
Apartamento;Tijuca;1;0;0;50;1300.0;450.0;60.0;26.0;Apartamento
Apartamento;Tijuca;1;0;0;39;1400.0;450.0;47.0;35.9;Apartamento
Apartamento;Tijuca;2;0;0;85;1470.0;550.0;78.0;17.29;Apartamento
Apartamento;Tijuca;2;1;1;80;2800.0;950.0;105.0;35.0;Apartamento
Apartamento;Tijuca;1;0;1;36;1200.0;458.0;20.0;33.33;Apartamento
Apartamento;Tijuca;3;1;0;107;2200.0;600.0;144.0;20.56;Apartamento
Apartamento;Tijuca;3;0;0;80;2500.0;900.0;0.0;31.25;Apartamento
Apartamento;Tijuca;3;0;0;100;1800.0;770.0;155.0;18.0;Apartamento
Apartamento;Tijuca;1;0;0;39;1300.0;250.0;0.0;33.33;Apartamento
Apartamento;Tijuca;3;1;0;99;1800.0;672.0;114.0;18.18;Apartamento
Apartamento;Tijuca;1;1;0;52;1400.0;375.0;0.0;26.92;Apartamento
Apartamento;Tijuca;2;1;1;87;2700.0;700.0;202.0;31.03;Apartamento
Apartamento;Tijuca;1;0;0;39;1400.0;450.0;47.0;35.9;Apartamento
Apartamento;Tijuca;3;1;0;102;1700.0;626.0;0.0;16.67;Apartamento
Apartamento;Tijuca;2;0;0;70;1800.0;790.0;100.0;25.71;Apartamento
Apartamento;Tijuca;3;2;1;84;2350.0;950.0;890.0;27.98;Apartamento
Apartamento;Tijuca;2;2;1;131;3100.0;1200.0;304.0;23.66;Apartamento
Apartamento;Tijuca;3;1;1;79;2400.0;1007.0;0.0;30.38;Apartamento
Apartamento;Tijuca;2;1;1;90;1400.0;900.0;180.0;15.56;Apartamento
Apartamento;Tijuca;3;1;1;112;2200.0;810.0;0.0;19.64;Apartamento
Apartamento;Tijuca;1;1;0;50;1380.0;430.0;22.0;27.6;Apartamento
Apartamento;Tijuca;2;1;0;58;1650.0;890.0;690.0;28.45;Apartamento
Apartamento;Tijuca;2;1;0;60;1500.0;585.0;0.0;25.0;Apartamento
Apartamento;Tijuca;1;0;0;63;1300.0;245.0;47.0;20.63;Apartamento
Apartamento;Tijuca;2;0;0;90;1800.0;625.0;115.0;20.0;Apartamento
Apartamento;Tijuca;3;0;0;137;1200.0;930.0;182.0;8.76;Apartamento
Apartamento;Tijuca;2;1;0;120;3000.0;825.0;0.0;25.0;Apartamento
Apartamento;Tijuca;1;1;0;50;1100.0;567.0;20.0;22.0;Apartamento
Apartamento;Tijuca;2;1;0;53;1300.0;544.0;0.0;24.53;Apartamento
Apartamento;Tijuca;2;1;0;70;2100.0;70.0;0.0;30.0;Apartamento
Apartamento;Tijuca;3;1;0;80;1600.0;450.0;0.0;20.0;Apartamento
Apartamento;Tijuca;3;0;0;79;2100.0;764.0;0.0;26.58;Apartamento
Apartamento;Tijuca;1;0;0;20;1200.0;380.0;0.0;60.0;Apartamento
Apartamento;Tijuca;2;0;0;101;1400.0;627.0;91.0;13.86;Apartamento
Apartamento;Tijuca;3;2;1;98;3000.0;1411.0;182.0;30.61;Apartamento
Apartamento;Tijuca;3;0;0;105;1800.0;760.0;128.0;17.14;Apartamento
Apartamento;Tijuca;1;0;0;43;1200.0;410.0;20.0;27.91;Apartamento
Apartamento;Tijuca;2;0;0;80;1600.0;222.0;25.0;20.0;Apartamento
Apartamento;Tijuca;3;1;1;80;2900.0;1105.0;0.0;36.25;Apartamento
Apartamento;Tijuca;3;1;1;85;2000.0;1310.0;94.0;23.53;Apartamento
Apartamento;Tijuca;1;0;0;50;1300.0;650.0;25.0;26.0;Apartamento
Apartamento;Tijuca;1;0;1;40;1100.0;390.0;25.0;27.5;Apartamento
Apartamento;Tijuca;2;1;1;70;1700.0;582.0;18.0;24.29;Apartamento
Apartamento;Tijuca;2;0;0;102;2000.0;700.0;0.0;19.61;Apartamento
Apartamento;Tijuca;3;1;0;91;2000.0;887.0;122.0;21.98;Apartamento
Apartamento;Tijuca;3;1;1;98;2400.0;660.0;113.0;24.49;Apartamento
Apartamento;Tijuca;2;1;0;74;1600.0;860.0;83.0;21.62;Apartamento
Apartamento;Tijuca;2;1;1;84;1800.0;815.0;107.0;21.43;Apartamento
Apartamento;Tijuca;2;1;0;62;2100.0;510.0;0.0;33.87;Apartamento
Apartamento;Tijuca;3;1;1;98;2400.0;823.0;173.0;24.49;Apartamento
Apartamento;Tijuca;2;1;1;82;1500.0;750.0;66.0;18.29;Apartamento
Apartamento;Tijuca;2;1;0;75;1700.0;880.0;120.0;22.67;Apartamento
Apartamento;Tijuca;3;1;0;193;1700.0;850.0;116.0;8.81;Apartamento
Apartamento;Tijuca;3;1;1;150;3000.0;1578.0;180.0;20.0;Apartamento
Apartamento;Tijuca;2;0;0;95;1300.0;680.0;129.0;13.68;Apartamento
Apartamento;Tijuca;2;1;2;121;2300.0;1000.0;0.0;19.01;Apartamento
Apartamento;Tijuca;3;0;0;116;2000.0;730.0;1160.0;17.24;Apartamento
Apartamento;Tijuca;2;0;0;70;1300.0;420.0;25.0;18.57;Apartamento
Apartamento;Tijuca;2;0;0;69;1200.0;530.0;80.0;17.39;Apartamento
Apartamento;Tijuca;2;0;0;69;1600.0;200.0;20.0;23.19;Apartamento
Apartamento;Tijuca;3;0;0;86;2500.0;561.0;113.0;29.07;Apartamento
Apartamento;Tijuca;3;1;2;116;2500.0;900.0;220.0;21.55;Apartamento
Apartamento;Tijuca;2;0;0;70;1500.0;876.0;97.0;21.43;Apartamento
Apartamento;Tijuca;2;0;0;74;1200.0;797.0;0.0;16.22;Apartamento
Apartamento;Tijuca;2;0;0;66;1900.0;500.0;82.0;28.79;Apartamento
Apartamento;Tijuca;2;0;0;70;2000.0;700.0;80.0;28.57;Apartamento
Apartamento;Tijuca;2;1;1;73;1800.0;902.0;0.0;24.66;Apartamento
Apartamento;Tijuca;4;1;1;140;2700.0;1227.0;287.0;19.29;Apartamento
Apartamento;Tijuca;2;1;0;61;1400.0;471.0;50.0;22.95;Apartamento
Apartamento;Tijuca;3;1;1;68;2400.0;1015.0;1152.0;35.29;Apartamento
Apartamento;Tijuca;2;1;1;80;3000.0;750.0;139.0;37.5;Apartamento
Apartamento;Tijuca;2;1;1;78;2300.0;560.0;82.0;29.49;Apartamento
Apartamento;Tijuca;3;2;1;140;3500.0;774.0;0.0;25.0;Apartamento
Apartamento;Tijuca;2;1;1;70;1600.0;800.0;0.0;22.86;Apartamento
Apartamento;Tijuca;3;1;1;125;2500.0;1100.0;200.0;20.0;Apartamento
Apartamento;Tijuca;2;0;0;83;1800.0;556.0;81.0;21.69;Apartamento
Apartamento;Tijuca;2;1;1;100;2200.0;890.0;0.0;22.0;Apartamento
Apartamento;Tijuca;3;1;0;93;3500.0;800.0;0.0;37.63;Apartamento
Apartamento;Tijuca;3;0;0;85;1900.0;700.0;75.0;22.35;Apartamento
Apartamento;Tijuca;2;0;0;67;1300.0;420.0;0.0;19.4;Apartamento
Apartamento;Tijuca;2;1;0;81;1550.0;600.0;87.0;19.14;Apartamento
Apartamento;Tijuca;2;1;0;69;2000.0;502.0;0.0;28.99;Apartamento
Apartamento;Tijuca;2;1;0;88;1200.0;640.0;0.0;13.64;Apartamento
Apartamento;Tijuca;3;1;0;94;2000.0;696.0;95.0;21.28;Apartamento
Apartamento;Tijuca;2;0;0;80;1400.0;850.0;0.0;17.5;Apartamento
Apartamento;Tijuca;1;0;0;46;1300.0;600.0;48.0;28.26;Apartamento
Apartamento;Tijuca;3;1;1;86;2650.0;720.0;160.0;30.81;Apartamento
Apartamento;Tijuca;2;0;0;61;1600.0;600.0;0.0;26.23;Apartamento
Apartamento;Tijuca;2;2;0;54;1900.0;910.0;50.0;35.19;Apartamento
Apartamento;Tijuca;3;1;0;70;2100.0;600.0;0.0;30.0;Apartamento
Apartamento;Tijuca;3;2;1;97;2300.0;870.0;0.0;23.71;Apartamento
Apartamento;Tijuca;3;1;0;150;1600.0;650.0;90.0;10.67;Apartamento
Apartamento;Tijuca;3;0;0;90;1999.0;600.0;0.0;22.21;Apartamento
Apartamento;Tijuca;3;1;1;140;2800.0;1260.0;0.0;20.0;Apartamento
Apartamento;Tijuca;2;0;0;73;1800.0;550.0;0.0;24.66;Apartamento
Apartamento;Tijuca;2;1;0;91;1700.0;660.0;143.0;18.68;Apartamento
Apartamento;Tijuca;3;2;1;130;3000.0;1300.0;205.0;23.08;Apartamento
Apartamento;Tijuca;3;0;0;95;1600.0;797.0;0.0;16.84;Apartamento
Apartamento;Tijuca;3;1;0;100;2000.0;1000.0;98.0;20.0;Apartamento
Apartamento;Tijuca;2;0;0;48;1300.0;446.0;0.0;27.08;Apartamento
Apartamento;Tijuca;3;1;2;140;2900.0;220.0;182.0;20.71;Apartamento
Apartamento;Tijuca;3;1;1;174;3250.0;1350.0;278.0;18.68;Apartamento
Apartamento;Tijuca;2;0;0;62;1500.0;576.0;62.0;24.19;Apartamento
Apartamento;Tijuca;1;1;0;55;1400.0;407.0;59.0;25.45;Apartamento
Apartamento;Tijuca;2;1;0;85;2000.0;600.0;0.0;23.53;Apartamento
Apartamento;Tijuca;2;1;0;66;1700.0;659.0;103.0;25.76;Apartamento
Apartamento;Tijuca;3;0;0;130;2760.0;250.0;23.0;21.23;Apartamento
Apartamento;Tijuca;2;1;1;80;2400.0;700.0;0.0;30.0;Apartamento
Apartamento;Tijuca;2;1;1;73;2200.0;650.0;1400.0;30.14;Apartamento
Apartamento;Tijuca;3;1;1;120;3500.0;700.0;0.0;29.17;Apartamento
Apartamento;Tijuca;2;0;1;70;2500.0;450.0;48.0;35.71;Apartamento
Apartamento;Tijuca;2;0;1;70;1800.0;350.0;95.0;25.71;Apartamento
Apartamento;Tijuca;2;0;0;75;1300.0;890.0;0.0;17.33;Apartamento
Apartamento;Tijuca;3;0;0;110;2100.0;820.0;110.0;19.09;Apartamento
Apartamento;Tijuca;2;1;1;85;2200.0;907.0;138.0;25.88;Apartamento
Apartamento;Tijuca;2;1;0;73;2200.0;700.0;0.0;30.14;Apartamento
Apartamento;Tijuca;3;2;1;110;2700.0;975.0;171.0;24.55;Apartamento
Apartamento;Tijuca;2;1;0;78;1480.0;500.0;650.0;18.97;Apartamento
Apartamento;Tijuca;3;1;1;90;2100.0;850.0;125.0;23.33;Apartamento
Apartamento;Tijuca;3;1;1;93;2300.0;1089.0;122.0;24.73;Apartamento
Apartamento;Tijuca;2;0;0;96;1800.0;700.0;97.0;18.75;Apartamento
Apartamento;Tijuca;3;1;0;100;2000.0;550.0;120.0;20.0;Apartamento
Apartamento;Tijuca;3;0;1;100;3000.0;200.0;78.0;30.0;Apartamento
Apartamento;Tijuca;2;1;0;88;2000.0;485.0;99.0;22.73;Apartamento
Apartamento;Tijuca;1;1;0;60;900.0;556.0;24.0;15.0;Apartamento
Apartamento;Tijuca;2;0;0;60;1800.0;604.0;0.0;30.0;Apartamento
Apartamento;Tijuca;1;0;0;50;1200.0;330.0;0.0;24.0;Apartamento
Apartamento;Tijuca;2;0;0;70;2100.0;700.0;0.0;30.0;Apartamento
Apartamento;Tijuca;2;0;0;52;1400.0;740.0;202.0;26.92;Apartamento
Apartamento;Tijuca;3;2;1;84;2350.0;950.0;890.0;27.98;Apartamento
Apartamento;Tijuca;1;0;0;40;1100.0;500.0;20.0;27.5;Apartamento
Apartamento;Tijuca;2;1;0;90;1300.0;769.0;0.0;14.44;Apartamento
Apartamento;Tijuca;1;1;0;48;1200.0;650.0;21.0;25.0;Apartamento
Apartamento;Tijuca;3;1;0;115;2400.0;524.0;110.0;20.87;Apartamento
Apartamento;Tijuca;2;0;0;70;1800.0;939.0;63.0;25.71;Apartamento
Apartamento;Tijuca;3;0;1;85;1500.0;763.0;137.0;17.65;Apartamento
Apartamento;Tijuca;2;1;0;99;1800.0;660.0;141.0;18.18;Apartamento
Apartamento;Tijuca;1;1;0;54;1600.0;690.0;0.0;29.63;Apartamento
Apartamento;Tijuca;2;0;0;70;1700.0;690.0;80.0;24.29;Apartamento
Apartamento;Tijuca;2;0;0;75;1800.0;574.0;24.0;24.0;Apartamento
Apartamento;Tijuca;3;1;0;100;2000.0;800.0;0.0;20.0;Apartamento
Apartamento;Tijuca;3;1;1;100;3000.0;880.0;131.0;30.0;Apartamento
Apartamento;Tijuca;2;0;0;84;1700.0;690.0;0.0;20.24;Apartamento
Apartamento;Tijuca;2;1;1;80;2200.0;990.0;104.0;27.5;Apartamento
Apartamento;Tijuca;3;0;0;80;1300.0;400.0;172.0;16.25;Apartamento
Apartamento;Tijuca;3;1;1;84;2350.0;900.0;0.0;27.98;Apartamento
Apartamento;Tijuca;3;1;1;110;1600.0;900.0;1474.0;14.55;Apartamento
Apartamento;Tijuca;2;0;1;61;1500.0;515.0;63.0;24.59;Apartamento
Apartamento;Tijuca;2;0;0;60;1100.0;625.0;485.0;18.33;Apartamento
Apartamento;Tijuca;3;0;0;90;1800.0;400.0;70.0;20.0;Apartamento
Apartamento;Tijuca;1;1;0;35;900.0;335.0;20.0;25.71;Apartamento
Apartamento;Tijuca;3;1;1;120;2000.0;1000.0;140.0;16.67;Apartamento
Apartamento;Tijuca;3;0;0;125;1800.0;630.0;147.0;14.4;Apartamento
Apartamento;Tijuca;3;2;1;185;3400.0;1495.0;280.0;18.38;Apartamento
Apartamento;Tijuca;2;1;0;88;1200.0;640.0;0.0;13.64;Apartamento
Apartamento;Tijuca;3;0;0;80;1300.0;748.0;75.0;16.25;Apartamento
Apartamento;Tijuca;2;0;0;70;1900.0;250.0;60.0;27.14;Apartamento
Apartamento;Tijuca;1;1;1;40;1000.0;594.0;0.0;25.0;Apartamento
Apartamento;Tijuca;1;0;0;58;1100.0;408.0;0.0;18.97;Apartamento
Apartamento;Tijuca;3;1;1;149;2500.0;1100.0;0.0;16.78;Apartamento
Apartamento;Tijuca;3;1;0;100;2300.0;766.0;0.0;23.0;Apartamento
Apartamento;Tijuca;2;1;1;90;1900.0;1050.0;108.0;21.11;Apartamento
Apartamento;Tijuca;2;0;0;75;1350.0;400.0;21.0;18.0;Apartamento
Apartamento;Tijuca;2;0;0;66;1300.0;645.0;25.0;19.7;Apartamento
Apartamento;Tijuca;1;0;1;33;900.0;460.0;25.0;27.27;Apartamento
Apartamento;Tijuca;2;1;1;85;3200.0;656.0;181.0;37.65;Apartamento
Apartamento;Tijuca;1;1;0;50;1650.0;577.0;453.0;33.0;Apartamento
Apartamento;Tijuca;3;0;1;100;1400.0;400.0;0.0;14.0;Apartamento
Apartamento;Tijuca;2;2;1;95;2500.0;700.0;230.0;26.32;Apartamento
Apartamento;Tijuca;4;2;1;188;2000.0;2000.0;309.0;10.64;Apartamento
Apartamento;Tijuca;2;1;0;70;1700.0;528.0;92.0;24.29;Apartamento
Apartamento;Tijuca;2;1;0;71;1500.0;660.0;555.0;21.13;Apartamento
Apartamento;Tijuca;2;0;0;60;1450.0;250.0;47.0;24.17;Apartamento
Apartamento;Tijuca;2;1;1;100;2200.0;994.0;193.0;22.0;Apartamento
Apartamento;Tijuca;3;2;1;132;2200.0;1100.0;0.0;16.67;Apartamento
Apartamento;Tijuca;2;1;1;89;1800.0;914.0;137.0;20.22;Apartamento
Apartamento;Tijuca;2;0;0;61;1200.0;500.0;0.0;19.67;Apartamento
Apartamento;Tijuca;3;1;1;170;3000.0;1200.0;200.0;17.65;Apartamento
Apartamento;Tijuca;2;1;1;80;2100.0;750.0;120.0;26.25;Apartamento
Apartamento;Tijuca;3;1;0;80;1500.0;450.0;0.0;18.75;Apartamento
Apartamento;Tijuca;2;0;1;84;2100.0;1150.0;408.0;25.0;Apartamento
Apartamento;Tijuca;3;1;0;92;1900.0;655.0;0.0;20.65;Apartamento
Apartamento;Tijuca;3;1;1;95;2300.0;1400.0;118.0;24.21;Apartamento
Apartamento;Tijuca;1;0;0;25;1400.0;310.0;0.0;56.0;Apartamento
Apartamento;Tijuca;2;1;0;60;1550.0;550.0;51.0;25.83;Apartamento
Apartamento;Tijuca;1;0;0;33;1350.0;260.0;24.0;40.91;Apartamento
Apartamento;Tijuca;3;1;1;90;2500.0;1350.0;0.0;27.78;Apartamento
Apartamento;Tijuca;1;0;0;50;1400.0;511.0;0.0;28.0;Apartamento
Apartamento;Tijuca;3;1;1;100;2300.0;690.0;0.0;23.0;Apartamento
Apartamento;Tijuca;3;1;0;90;2500.0;790.0;96.0;27.78;Apartamento
Apartamento;Tijuca;2;1;1;100;1800.0;727.0;102.0;18.0;Apartamento
Apartamento;Tijuca;3;0;0;122;1500.0;695.0;172.0;12.3;Apartamento
Apartamento;Tijuca;2;1;0;68;2000.0;705.0;99.0;29.41;Apartamento
Apartamento;Tijuca;2;1;0;83;2200.0;750.0;83.0;26.51;Apartamento
Apartamento;Tijuca;2;1;1;80;1800.0;600.0;21.0;22.5;Apartamento
Apartamento;Tijuca;3;1;1;80;2200.0;700.0;200.0;27.5;Apartamento
Apartamento;Tijuca;3;1;1;80;1900.0;982.0;113.0;23.75;Apartamento
Apartamento;Tijuca;2;1;0;72;2100.0;875.0;120.0;29.17;Apartamento
Apartamento;Tijuca;2;1;1;86;2500.0;714.0;0.0;29.07;Apartamento
Apartamento;Tijuca;2;1;0;68;1300.0;822.0;0.0;19.12;Apartamento
Apartamento;Tijuca;2;1;1;80;2000.0;500.0;94.0;25.0;Apartamento
Apartamento;Tijuca;2;1;1;70;2500.0;769.0;0.0;35.71;Apartamento
Apartamento;Tijuca;2;1;1;100;3100.0;700.0;0.0;31.0;Apartamento
Apartamento;Tijuca;2;0;0;60;1700.0;487.0;49.0;28.33;Apartamento
Apartamento;Tijuca;3;1;1;145;2800.0;950.0;154.0;19.31;Apartamento
Apartamento;Tijuca;2;0;0;80;1400.0;850.0;0.0;17.5;Apartamento
Apartamento;Tijuca;3;1;0;96;1750.0;950.0;118.0;18.23;Apartamento
Apartamento;Tijuca;2;0;0;60;900.0;456.0;20.0;15.0;Apartamento
Apartamento;Tijuca;3;2;0;108;2000.0;1000.0;0.0;18.52;Apartamento
Apartamento;Tijuca;1;0;0;40;900.0;640.0;21.0;22.5;Apartamento
Apartamento;Tijuca;2;0;0;80;1400.0;850.0;0.0;17.5;Apartamento
Apartamento;Tijuca;2;1;1;120;1600.0;874.0;190.0;13.33;Apartamento
Apartamento;Tijuca;2;0;0;90;1700.0;530.0;0.0;18.89;Apartamento
Apartamento;Tijuca;2;1;0;70;2300.0;840.0;0.0;32.86;Apartamento
Apartamento;Tijuca;2;1;0;64;1150.0;695.0;60.0;17.97;Apartamento
Apartamento;Tijuca;3;1;1;90;2200.0;716.0;0.0;24.44;Apartamento
Apartamento;Tijuca;2;1;1;70;2100.0;7409.0;0.0;30.0;Apartamento
Apartamento;Tijuca;3;1;0;80;2600.0;800.0;0.0;32.5;Apartamento
Apartamento;Tijuca;2;0;0;61;1700.0;690.0;89.0;27.87;Apartamento
Apartamento;Tijuca;1;0;0;45;1300.0;400.0;0.0;28.89;Apartamento
Apartamento;Tijuca;1;0;0;45;1000.0;440.0;0.0;22.22;Apartamento
Apartamento;Tijuca;4;2;1;188;2000.0;2000.0;3090.0;10.64;Apartamento
Apartamento;Tijuca;2;1;0;65;1900.0;750.0;70.0;29.23;Apartamento
Apartamento;Tijuca;3;2;1;150;2800.0;1400.0;222.0;18.67;Apartamento
Apartamento;Tijuca;2;0;0;73;1200.0;700.0;30.0;16.44;Apartamento
Apartamento;Tijuca;3;1;0;90;2300.0;747.0;0.0;25.56;Apartamento
Apartamento;Tijuca;2;0;0;68;1700.0;604.0;84.0;25.0;Apartamento
Apartamento;Tijuca;1;0;0;40;1100.0;534.0;25.0;27.5;Apartamento
Apartamento;Tijuca;1;0;0;59;1250.0;500.0;0.0;21.19;Apartamento
Apartamento;Tijuca;2;1;0;56;1500.0;520.0;49.0;26.79;Apartamento
Apartamento;Tijuca;3;0;0;80;1800.0;760.0;119.0;22.5;Apartamento
Apartamento;Tijuca;1;0;0;48;1200.0;310.0;47.0;25.0;Apartamento
Apartamento;Tijuca;3;1;0;120;1400.0;699.0;150.0;11.67;Apartamento
Apartamento;Tijuca;1;1;0;52;1500.0;505.0;21.0;28.85;Apartamento
Apartamento;Tijuca;2;0;0;51;1800.0;250.0;0.0;35.29;Apartamento
Apartamento;Tijuca;3;0;0;92;1500.0;645.0;85.0;16.3;Apartamento
Apartamento;Tijuca;1;1;1;40;1600.0;493.0;0.0;40.0;Apartamento
Apartamento;Tijuca;4;2;2;182;2500.0;1620.0;297.0;13.74;Apartamento
Apartamento;Tijuca;2;1;0;75;1500.0;430.0;0.0;20.0;Apartamento
Apartamento;Tijuca;4;2;1;150;2500.0;1300.0;315.0;16.67;Apartamento
Apartamento;Tijuca;2;1;0;73;1680.0;500.0;80.0;23.01;Apartamento
Apartamento;Tijuca;3;1;0;90;2000.0;620.0;56.0;22.22;Apartamento
Apartamento;Tijuca;2;1;0;84;1800.0;501.0;0.0;21.43;Apartamento
Apartamento;Tijuca;3;1;1;90;2000.0;887.0;123.0;22.22;Apartamento
Apartamento;Tijuca;3;2;1;118;2400.0;970.0;0.0;20.34;Apartamento
Apartamento;Tijuca;2;1;1;66;1800.0;800.0;100.0;27.27;Apartamento
Apartamento;Tijuca;3;2;0;82;2600.0;780.0;0.0;31.71;Apartamento
Apartamento;Tijuca;2;0;0;75;1300.0;461.0;62.0;17.33;Apartamento
Apartamento;Tijuca;3;1;1;108;1800.0;700.0;144.0;16.67;Apartamento
Apartamento;Tijuca;3;0;0;100;2600.0;620.0;130.0;26.0;Apartamento
Apartamento;Tijuca;2;2;1;80;2100.0;750.0;100.0;26.25;Apartamento
Apartamento;Tijuca;2;0;0;75;2000.0;715.0;0.0;26.67;Apartamento
Apartamento;Tijuca;2;0;1;110;2000.0;450.0;128.0;18.18;Apartamento
Apartamento;Tijuca;3;1;1;125;2200.0;1092.0;148.0;17.6;Apartamento
Apartamento;Tijuca;2;1;0;68;1600.0;589.0;0.0;23.53;Apartamento
Apartamento;Tijuca;3;0;1;104;1800.0;750.0;150.0;17.31;Apartamento
Apartamento;Tijuca;3;0;0;100;1800.0;200.0;0.0;18.0;Apartamento
Apartamento;Tijuca;3;1;1;76;2400.0;850.0;37.0;31.58;Apartamento
Apartamento;Tijuca;1;0;0;35;1000.0;300.0;50.0;28.57;Apartamento
Apartamento;Tijuca;2;1;1;92;1700.0;670.0;138.0;18.48;Apartamento
Apartamento;Tijuca;2;0;0;60;2000.0;150.0;24.0;33.33;Apartamento
Apartamento;Tijuca;2;0;0;60;2000.0;441.0;48.0;33.33;Apartamento
Apartamento;Tijuca;1;0;1;32;1750.0;320.0;0.0;54.69;Apartamento
Apartamento;Tijuca;1;0;1;31;1300.0;534.0;24.0;41.94;Apartamento
Apartamento;Tijuca;3;0;0;78;1500.0;550.0;97.0;19.23;Apartamento
Apartamento;Tijuca;1;0;0;40;1250.0;499.0;0.0;31.25;Apartamento
Apartamento;Tijuca;2;1;0;88;2500.0;620.0;0.0;28.41;Apartamento
Apartamento;Tijuca;1;1;0;55;2100.0;1.0;0.0;38.18;Apartamento
Apartamento;Tijuca;2;1;1;83;1700.0;1080.0;105.0;20.48;Apartamento
Apartamento;Tijuca;3;2;1;82;2200.0;940.0;84.0;26.83;Apartamento
Apartamento;Tijuca;3;2;1;115;1800.0;700.0;177.0;15.65;Apartamento
Apartamento;Tijuca;2;1;0;85;1800.0;459.0;81.0;21.18;Apartamento
Apartamento;Tijuca;2;0;0;45;1000.0;304.0;24.0;22.22;Apartamento
Apartamento;Tijuca;3;1;1;122;2900.0;910.0;0.0;23.77;Apartamento
Apartamento;Tijuca;2;0;0;89;1600.0;702.0;97.0;17.98;Apartamento
Apartamento;Tijuca;2;1;0;87;1600.0;630.0;79.0;18.39;Apartamento
Apartamento;Tijuca;3;1;1;88;2000.0;700.0;135.0;22.73;Apartamento
Apartamento;Tijuca;1;0;1;46;1400.0;320.0;21.0;30.43;Apartamento
Apartamento;Tijuca;2;1;1;85;1800.0;610.0;115.0;21.18;Apartamento
Apartamento;Tijuca;3;2;2;145;3100.0;880.0;0.0;21.38;Apartamento
Apartamento;Tijuca;3;0;0;85;1800.0;600.0;116.0;21.18;Apartamento
Apartamento;Tijuca;1;0;0;42;1600.0;550.0;20.0;38.1;Apartamento
Apartamento;Tijuca;3;1;0;110;1600.0;950.0;122.0;14.55;Apartamento
Apartamento;Tijuca;3;1;1;100;3200.0;750.0;0.0;32.0;Apartamento
Apartamento;Tijuca;1;1;0;62;1600.0;690.0;25.0;25.81;Apartamento
Apartamento;Tijuca;3;2;0;80;2260.0;800.0;0.0;28.25;Apartamento
Apartamento;Tijuca;4;2;1;150;3500.0;1360.0;368.0;23.33;Apartamento
Apartamento;Tijuca;2;0;0;43;1500.0;300.0;0.0;34.88;Apartamento
Apartamento;Tijuca;2;1;1;82;1800.0;798.0;132.0;21.95;Apartamento
Apartamento;Tijuca;3;1;1;83;2300.0;1244.0;191.0;27.71;Apartamento
Apartamento;Tijuca;2;0;0;70;1600.0;520.0;0.0;22.86;Apartamento
Apartamento;Tijuca;3;0;0;70;2000.0;442.0;70.0;28.57;Apartamento
Apartamento;Tijuca;2;1;0;70;1900.0;840.0;0.0;27.14;Apartamento
Apartamento;Tijuca;3;1;1;150;2400.0;966.0;0.0;16.0;Apartamento
Apartamento;Tijuca;2;1;0;60;1500.0;485.0;15.0;25.0;Apartamento
Apartamento;Tijuca;3;1;1;120;2100.0;770.0;157.0;17.5;Apartamento
Apartamento;Tijuca;2;0;0;70;2200.0;532.0;45.0;31.43;Apartamento
Apartamento;Tijuca;3;0;0;90;1650.0;1000.0;172.0;18.33;Apartamento
Apartamento;Tijuca;4;2;2;153;3500.0;1600.0;300.0;22.88;Apartamento
Apartamento;Tijuca;4;3;2;130;2600.0;1100.0;240.0;20.0;Apartamento
Apartamento;Tijuca;2;1;1;110;2900.0;748.0;20.0;26.36;Apartamento
Apartamento;Tijuca;2;1;0;56;1400.0;793.0;48.0;25.0;Apartamento
Apartamento;Tijuca;3;1;1;108;3500.0;1222.0;196.0;32.41;Apartamento
Apartamento;Tijuca;2;1;1;85;3300.0;730.0;192.0;38.82;Apartamento
Apartamento;Tijuca;2;1;1;86;2000.0;715.0;167.0;23.26;Apartamento
Apartamento;Tijuca;2;1;1;98;2700.0;1013.0;0.0;27.55;Apartamento
Apartamento;Tijuca;3;1;1;99;1800.0;800.0;60.0;18.18;Apartamento
Apartamento;Tijuca;2;0;0;59;1100.0;514.0;50.0;18.64;Apartamento
Apartamento;Tijuca;1;1;0;50;1600.0;560.0;20.0;32.0;Apartamento
Apartamento;Tijuca;3;1;0;90;1800.0;823.0;130.0;20.0;Apartamento
Apartamento;Tijuca;2;1;0;57;1400.0;495.0;49.0;24.56;Apartamento
Apartamento;Tijuca;2;0;0;65;1900.0;580.0;87.0;29.23;Apartamento
Apartamento;Tijuca;2;1;1;80;1900.0;840.0;120.0;23.75;Apartamento
Apartamento;Tijuca;2;0;0;52;2000.0;315.0;0.0;38.46;Apartamento
Apartamento;Tijuca;3;1;1;70;1900.0;700.0;78.0;27.14;Apartamento
Apartamento;Tijuca;3;0;1;124;2800.0;925.0;0.0;22.58;Apartamento
Apartamento;Tijuca;2;0;0;80;1400.0;650.0;0.0;17.5;Apartamento
Apartamento;Tijuca;3;0;0;87;1800.0;600.0;127.0;20.69;Apartamento
Apartamento;Tijuca;2;1;0;140;2500.0;810.0;84.0;17.86;Apartamento
Apartamento;Tijuca;1;1;0;70;1600.0;688.0;0.0;22.86;Apartamento
Apartamento;Tijuca;3;1;0;180;2800.0;1350.0;120.0;15.56;Apartamento
Apartamento;Tijuca;3;1;1;94;2300.0;603.0;99.0;24.47;Apartamento
Apartamento;Tijuca;2;1;0;75;1600.0;580.0;87.0;21.33;Apartamento
Apartamento;Tijuca;2;1;0;72;1500.0;656.0;109.0;20.83;Apartamento
Apartamento;Tijuca;3;1;1;100;1800.0;868.0;84.0;18.0;Apartamento
Apartamento;Tijuca;1;0;0;43;1100.0;210.0;0.0;25.58;Apartamento
Apartamento;Tijuca;2;0;0;45;1350.0;495.0;20.0;30.0;Apartamento
Apartamento;Tijuca;3;1;1;116;1000.0;814.0;121.0;8.62;Apartamento
Apartamento;Tijuca;2;1;1;60;1500.0;900.0;20.0;25.0;Apartamento
Apartamento;Tijuca;2;1;0;64;1150.0;695.0;0.0;17.97;Apartamento
Apartamento;Tijuca;3;1;0;125;2500.0;1100.0;200.0;20.0;Apartamento
Apartamento;Tijuca;3;0;0;110;1800.0;800.0;196.0;16.36;Apartamento
Apartamento;Tijuca;2;0;0;65;1500.0;710.0;61.0;23.08;Apartamento
Apartamento;Tijuca;3;2;1;110;2800.0;1100.0;0.0;25.45;Apartamento
Apartamento;Tijuca;2;0;0;60;1900.0;600.0;51.0;31.67;Apartamento
Apartamento;Tijuca;2;0;1;72;1800.0;535.0;0.0;25.0;Apartamento
Apartamento;Tijuca;5;1;0;220;3200.0;1200.0;254.0;14.55;Apartamento
Apartamento;Tijuca;3;1;1;110;2400.0;800.0;0.0;21.82;Apartamento
Apartamento;Tijuca;1;0;0;45;1200.0;315.0;21.0;26.67;Apartamento
Apartamento;Tijuca;1;0;0;24;1000.0;400.0;0.0;41.67;Apartamento
Apartamento;Tijuca;1;1;0;41;2000.0;388.0;0.0;48.78;Apartamento
Apartamento;Tijuca;2;0;0;73;1400.0;546.0;0.0;19.18;Apartamento
Apartamento;Tijuca;3;0;0;80;1400.0;850.0;0.0;17.5;Apartamento
Apartamento;Tijuca;2;0;0;81;1600.0;475.0;85.0;19.75;Apartamento
Apartamento;Tijuca;3;0;0;125;1200.0;908.0;147.0;9.6;Apartamento
Apartamento;Tijuca;2;0;0;74;1500.0;780.0;77.0;20.27;Apartamento
Apartamento;Tijuca;2;1;0;64;1650.0;767.0;66.0;25.78;Apartamento
Apartamento;Tijuca;3;1;0;129;1700.0;850.0;116.0;13.18;Apartamento
Apartamento;Tijuca;2;0;0;70;1600.0;460.0;20.0;22.86;Apartamento
Apartamento;Tijuca;3;1;1;91;1900.0;916.0;0.0;20.88;Apartamento
Apartamento;Tijuca;3;2;1;149;2800.0;1125.0;206.0;18.79;Apartamento
Apartamento;Tijuca;2;1;1;99;1700.0;1500.0;140.0;17.17;Apartamento
Apartamento;Tijuca;3;1;0;100;2500.0;885.0;170.0;25.0;Apartamento
Apartamento;Tijuca;2;1;0;90;1200.0;1014.0;133.0;13.33;Apartamento
Apartamento;Tijuca;2;0;0;80;1300.0;860.0;90.0;16.25;Apartamento
Apartamento;Tijuca;3;1;0;99;2000.0;690.0;0.0;20.2;Apartamento
Apartamento;Tijuca;3;2;1;84;2350.0;950.0;1186.0;27.98;Apartamento
Apartamento;Tijuca;2;0;0;74;1800.0;600.0;100.0;24.32;Apartamento
Apartamento;Tijuca;4;1;1;150;2400.0;720.0;20.0;16.0;Apartamento
Apartamento;Tijuca;3;1;1;86;3000.0;1098.0;224.0;34.88;Apartamento
Apartamento;Tijuca;2;1;1;74;1750.0;700.0;51.0;23.65;Apartamento
Apartamento;Tijuca;1;1;0;72;1600.0;572.0;0.0;22.22;Apartamento
Apartamento;Tijuca;3;1;1;100;2200.0;600.0;70.0;22.0;Apartamento
Apartamento;Tijuca;3;2;1;122;3000.0;1135.0;0.0;24.59;Apartamento
Apartamento;Tijuca;3;1;1;108;2500.0;1336.0;0.0;23.15;Apartamento
Apartamento;Tijuca;3;1;0;150;3300.0;661.0;0.0;22.0;Apartamento
Apartamento;Tijuca;2;1;1;85;1500.0;1160.0;88.0;17.65;Apartamento
Apartamento;Tijuca;2;1;1;85;1600.0;800.0;771.0;18.82;Apartamento
Apartamento;Tijuca;2;1;0;70;1400.0;600.0;117.0;20.0;Apartamento
Apartamento;Tijuca;3;1;1;130;1600.0;720.0;128.0;12.31;Apartamento
Apartamento;Tijuca;1;1;0;41;1300.0;496.0;24.0;31.71;Apartamento
Apartamento;Tijuca;1;1;0;63;1400.0;590.0;55.0;22.22;Apartamento
Apartamento;Tijuca;2;1;0;64;1850.0;536.0;86.0;28.91;Apartamento
Apartamento;Tijuca;2;1;0;90;1700.0;746.0;100.0;18.89;Apartamento
Apartamento;Tijuca;2;1;0;72;1700.0;448.0;0.0;23.61;Apartamento
Apartamento;Tijuca;1;1;0;31;1300.0;530.0;25.0;41.94;Apartamento
Apartamento;Tijuca;2;1;1;85;1300.0;636.0;88.0;15.29;Apartamento
Apartamento;Tijuca;2;1;0;73;1600.0;680.0;0.0;21.92;Apartamento
Apartamento;Tijuca;4;2;1;188;2000.0;2000.0;380.0;10.64;Apartamento
Apartamento;Tijuca;2;1;0;61;1600.0;1100.0;81.0;26.23;Apartamento
Apartamento;Tijuca;2;1;0;68;1800.0;685.0;80.0;26.47;Apartamento
Apartamento;Tijuca;2;0;0;55;1600.0;576.0;51.0;29.09;Apartamento
Apartamento;Tijuca;2;1;0;64;1150.0;695.0;0.0;17.97;Apartamento
Apartamento;Tijuca;3;1;1;165;3500.0;1300.0;286.0;21.21;Apartamento
Apartamento;Tijuca;3;1;0;100;2300.0;750.0;0.0;23.0;Apartamento
Apartamento;Tijuca;2;0;0;70;1800.0;645.0;52.0;25.71;Apartamento
Apartamento;Tijuca;3;1;1;108;1400.0;684.0;93.0;12.96;Apartamento
Apartamento;Tijuca;1;0;0;45;1150.0;458.0;46.0;25.56;Apartamento
Apartamento;Tijuca;3;0;1;120;2000.0;420.0;120.0;16.67;Apartamento
Apartamento;Tijuca;2;0;0;60;1500.0;280.0;50.0;25.0;Apartamento
Apartamento;Tijuca;3;1;0;180;1500.0;1200.0;200.0;8.33;Apartamento
Apartamento;Tijuca;2;1;0;62;1500.0;477.0;50.0;24.19;Apartamento
Apartamento;Tijuca;2;1;1;97;1900.0;940.0;195.0;19.59;Apartamento
Apartamento;Tijuca;2;1;1;87;2200.0;871.0;145.0;25.29;Apartamento
Apartamento;Tijuca;3;1;0;100;1400.0;864.0;112.0;14.0;Apartamento
Apartamento;Tijuca;2;1;0;73;1950.0;700.0;70.0;26.71;Apartamento
Apartamento;Tijuca;2;1;1;75;1900.0;600.0;49.0;25.33;Apartamento
Apartamento;Tijuca;1;1;0;63;1400.0;675.0;72.0;22.22;Apartamento
Apartamento;Tijuca;3;1;0;98;2300.0;890.0;106.0;23.47;Apartamento
Apartamento;Tijuca;2;0;0;61;1500.0;500.0;0.0;24.59;Apartamento
Apartamento;Tijuca;2;1;0;91;1800.0;1011.0;52.0;19.78;Apartamento
Apartamento;Tijuca;2;0;0;65;1800.0;580.0;87.0;27.69;Apartamento
Apartamento;Tijuca;2;0;0;73;1000.0;380.0;61.0;13.7;Apartamento
Apartamento;Tijuca;2;1;0;61;1200.0;550.0;0.0;19.67;Apartamento
Apartamento;Tijuca;2;1;0;65;1300.0;790.0;0.0;20.0;Apartamento
Apartamento;Tijuca;3;1;0;100;1800.0;788.0;126.0;18.0;Apartamento
Apartamento;Tijuca;3;1;1;94;3300.0;1190.0;240.0;35.11;Apartamento
Apartamento;Tijuca;3;1;0;100;1700.0;950.0;152.0;17.0;Apartamento
Apartamento;Tijuca;3;0;2;78;2300.0;661.0;0.0;29.49;Apartamento
Apartamento;Tijuca;2;1;1;82;2000.0;967.0;0.0;24.39;Apartamento
Apartamento;Tijuca;3;2;1;125;2800.0;1570.0;211.0;22.4;Apartamento
Apartamento;Tijuca;1;0;0;45;1950.0;550.0;55.0;43.33;Apartamento
Apartamento;Tijuca;3;1;0;90;2200.0;800.0;120.0;24.44;Apartamento
Apartamento;Tijuca;4;1;1;186;3300.0;2090.0;321.0;17.74;Apartamento
Apartamento;Tijuca;2;1;0;68;1850.0;765.0;108.0;27.21;Apartamento
Apartamento;Tijuca;3;0;0;85;2200.0;180.0;92.0;25.88;Apartamento
Apartamento;Tijuca;3;2;1;84;2350.0;1026.0;0.0;27.98;Apartamento
Apartamento;Tijuca;2;0;0;80;1800.0;550.0;0.0;22.5;Apartamento
Apartamento;Tijuca;4;1;1;128;2300.0;740.0;120.0;17.97;Apartamento
Apartamento;Tijuca;2;1;0;85;2000.0;600.0;0.0;23.53;Apartamento
Apartamento;Tijuca;2;1;0;72;1600.0;700.0;25.0;22.22;Apartamento
Apartamento;Tijuca;3;1;0;94;2000.0;695.0;96.0;21.28;Apartamento
Apartamento;Tijuca;3;1;1;110;2500.0;800.0;0.0;22.73;Apartamento
Apartamento;Tijuca;3;2;1;110;3300.0;1100.0;1.0;30.0;Apartamento
Apartamento;Tijuca;2;1;1;68;1900.0;602.0;132.0;27.94;Apartamento
Apartamento;Tijuca;1;0;0;45;1200.0;300.0;0.0;26.67;Apartamento
Apartamento;Tijuca;2;1;1;82;2600.0;851.0;0.0;31.71;Apartamento
Apartamento;Tijuca;2;0;0;70;1800.0;380.0;18.0;25.71;Apartamento
Apartamento;Tijuca;3;1;1;118;3000.0;1111.0;0.0;25.42;Apartamento
Apartamento;Tijuca;3;1;0;89;2500.0;600.0;59.0;28.09;Apartamento
Apartamento;Tijuca;1;0;0;35;1500.0;370.0;47.0;42.86;Apartamento
Apartamento;Tijuca;2;0;0;106;1600.0;670.0;130.0;15.09;Apartamento
Apartamento;Tijuca;2;1;1;74;1200.0;500.0;0.0;16.22;Apartamento
Apartamento;Tijuca;3;0;0;75;1600.0;680.0;92.0;21.33;Apartamento
Apartamento;Tijuca;2;1;1;100;2600.0;650.0;0.0;26.0;Apartamento
Apartamento;Tijuca;2;0;0;82;1600.0;370.0;0.0;19.51;Apartamento
Apartamento;Tijuca;1;1;0;60;1050.0;695.0;20.0;17.5;Apartamento
Apartamento;Tijuca;2;0;0;75;1200.0;882.0;70.0;16.0;Apartamento
Apartamento;Tijuca;3;0;1;153;1600.0;568.0;128.0;10.46;Apartamento
Apartamento;Tijuca;3;1;1;90;1900.0;1100.0;84.0;21.11;Apartamento
Apartamento;Tijuca;2;1;1;82;2300.0;1100.0;0.0;28.05;Apartamento
Apartamento;Tijuca;2;1;1;89;2000.0;605.0;22.0;22.47;Apartamento
Apartamento;Tijuca;2;0;0;61;1500.0;481.0;0.0;24.59;Apartamento
Apartamento;Tijuca;3;0;0;90;1200.0;828.0;0.0;13.33;Apartamento
Apartamento;Tijuca;3;0;0;115;1800.0;400.0;168.0;15.65;Apartamento
Apartamento;Tijuca;3;0;0;96;2500.0;714.0;900.0;26.04;Apartamento
Apartamento;Tijuca;3;2;0;140;2400.0;970.0;0.0;17.14;Apartamento
Apartamento;Tijuca;1;0;0;52;1300.0;558.0;49.0;25.0;Apartamento
Apartamento;Tijuca;2;1;0;81;2000.0;950.0;0.0;24.69;Apartamento
Apartamento;Tijuca;2;1;1;126;2200.0;865.0;153.0;17.46;Apartamento
Apartamento;Tijuca;1;0;1;37;1200.0;696.0;0.0;32.43;Apartamento
Apartamento;Tijuca;3;2;1;104;2200.0;812.0;0.0;21.15;Apartamento
Apartamento;Tijuca;3;1;1;125;2300.0;975.0;170.0;18.4;Apartamento
Apartamento;Tijuca;2;0;1;80;1800.0;600.0;0.0;22.5;Apartamento
Apartamento;Tijuca;1;0;0;50;1700.0;360.0;20.0;34.0;Apartamento
Apartamento;Tijuca;1;1;0;40;1100.0;500.0;20.0;27.5;Apartamento
Apartamento;Tijuca;3;2;1;120;3300.0;1100.0;204.0;27.5;Apartamento
Apartamento;Tijuca;1;0;0;40;1500.0;430.0;20.0;37.5;Apartamento
Apartamento;Tijuca;2;0;0;80;1400.0;850.0;0.0;17.5;Apartamento
Apartamento;Tijuca;3;0;0;91;2100.0;715.0;79.0;23.08;Apartamento
Apartamento;Tijuca;1;0;0;30;1000.0;420.0;21.0;33.33;Apartamento
Apartamento;Tijuca;3;1;0;96;2000.0;960.0;1048.0;20.83;Apartamento
Apartamento;Tijuca;2;1;0;76;1800.0;849.0;105.0;23.68;Apartamento
Apartamento;Tijuca;3;0;1;111;2300.0;720.0;0.0;20.72;Apartamento
Apartamento;Tijuca;3;1;1;115;1900.0;783.0;104.0;16.52;Apartamento
Apartamento;Tijuca;2;1;1;70;1800.0;570.0;0.0;25.71;Apartamento
Apartamento;Tijuca;2;1;0;60;1900.0;560.0;49.0;31.67;Apartamento
Apartamento;Tijuca;2;1;0;68;1800.0;690.0;120.0;26.47;Apartamento
Apartamento;Tijuca;3;1;1;117;1900.0;816.0;0.0;16.24;Apartamento
Apartamento;Tijuca;2;0;0;78;1400.0;830.0;67.0;17.95;Apartamento
Apartamento;Tijuca;3;0;0;83;1390.0;650.0;80.0;16.75;Apartamento
Apartamento;Tijuca;2;2;1;69;2000.0;854.0;0.0;28.99;Apartamento
Apartamento;Tijuca;2;1;0;79;1600.0;700.0;81.0;20.25;Apartamento
Apartamento;Tijuca;2;1;1;98;2800.0;900.0;110.0;28.57;Apartamento
Apartamento;Tijuca;2;1;1;78;2199.0;587.0;0.0;28.19;Apartamento
Apartamento;Tijuca;2;1;1;74;1500.0;880.0;0.0;20.27;Apartamento
Apartamento;Tijuca;2;1;1;75;1800.0;700.0;0.0;24.0;Apartamento
Apartamento;Tijuca;3;0;0;92;2000.0;831.0;0.0;21.74;Apartamento
Apartamento;Tijuca;3;0;1;126;2800.0;800.0;196.0;22.22;Apartamento
Apartamento;Tijuca;2;1;1;119;2500.0;1200.0;0.0;21.01;Apartamento
Apartamento;Tijuca;2;1;1;116;2600.0;850.0;0.0;22.41;Apartamento
Apartamento;Tijuca;3;1;0;129;1600.0;850.0;116.0;12.4;Apartamento
Apartamento;Tijuca;1;0;1;62;1800.0;550.0;0.0;29.03;Apartamento
Apartamento;Tijuca;2;1;1;70;1300.0;1250.0;100.0;18.57;Apartamento
Apartamento;Tijuca;2;0;0;61;1500.0;640.0;5490.0;24.59;Apartamento
Apartamento;Tijuca;2;0;0;80;1200.0;580.0;0.0;15.0;Apartamento
Apartamento;Tijuca;3;2;1;92;1900.0;900.0;0.0;20.65;Apartamento
Apartamento;Tijuca;2;0;0;67;1600.0;566.0;51.0;23.88;Apartamento
Apartamento;Tijuca;2;1;0;160;2500.0;1150.0;0.0;15.62;Apartamento
Apartamento;Tijuca;3;2;1;110;1900.0;1027.0;0.0;17.27;Apartamento
Apartamento;Tijuca;2;1;0;75;1500.0;638.0;0.0;20.0;Apartamento
Apartamento;Tijuca;3;2;1;85;1800.0;757.0;65.0;21.18;Apartamento
Apartamento;Tijuca;2;1;0;65;1600.0;320.0;0.0;24.62;Apartamento
Apartamento;Tijuca;2;1;0;71;2100.0;700.0;24.0;29.58;Apartamento
Apartamento;Tijuca;3;0;1;88;2100.0;880.0;0.0;23.86;Apartamento
Apartamento;Tijuca;2;0;0;70;1300.0;493.0;20.0;18.57;Apartamento
Apartamento;Tijuca;3;0;0;61;1500.0;300.0;50.0;24.59;Apartamento
Apartamento;Tijuca;2;1;0;60;1200.0;590.0;24.0;20.0;Apartamento
Apartamento;Tijuca;4;1;0;168;3500.0;660.0;0.0;20.83;Apartamento
Apartamento;Tijuca;2;0;0;80;1800.0;300.0;95.0;22.5;Apartamento
Apartamento;Tijuca;2;1;0;65;1700.0;577.0;65.0;26.15;Apartamento
Apartamento;Tijuca;2;0;0;72;2500.0;550.0;90.0;34.72;Apartamento
Apartamento;Tijuca;2;0;0;66;1550.0;398.0;87.0;23.48;Apartamento
Apartamento;Tijuca;3;1;1;110;2500.0;800.0;0.0;22.73;Apartamento
Apartamento;Tijuca;2;1;0;70;1650.0;680.0;0.0;23.57;Apartamento
Apartamento;Tijuca;2;1;0;68;2100.0;750.0;100.0;30.88;Apartamento
Apartamento;Tijuca;2;0;0;69;1900.0;606.0;30.0;27.54;Apartamento
Apartamento;Tijuca;3;2;1;99;1800.0;1100.0;0.0;18.18;Apartamento
Apartamento;Tijuca;2;0;0;70;1700.0;490.0;72.0;24.29;Apartamento
Apartamento;Tijuca;3;1;1;129;1580.0;930.0;116.0;12.25;Apartamento
Apartamento;Tijuca;3;0;0;72;1600.0;489.0;24.0;22.22;Apartamento
Apartamento;Tijuca;2;0;0;76;1450.0;330.0;20.0;19.08;Apartamento
Apartamento;Tijuca;2;0;0;65;1500.0;550.0;90.0;23.08;Apartamento
Apartamento;Tijuca;3;1;1;170;3200.0;1400.0;200.0;18.82;Apartamento
Apartamento;Tijuca;3;1;0;70;2000.0;592.0;88.0;28.57;Apartamento
Apartamento;Tijuca;2;0;0;62;1400.0;250.0;47.0;22.58;Apartamento
Apartamento;Tijuca;2;0;0;70;1800.0;400.0;40.0;25.71;Apartamento
Apartamento;Tijuca;2;2;0;140;3500.0;1100.0;117.0;25.0;Apartamento
Apartamento;Tijuca;2;1;1;62;1400.0;530.0;0.0;22.58;Apartamento
Apartamento;Tijuca;1;0;1;30;1200.0;560.0;20.0;40.0;Apartamento
Apartamento;Tijuca;2;0;0;60;1500.0;575.0;63.0;25.0;Apartamento
Apartamento;Tijuca;1;0;0;45;1200.0;400.0;0.0;26.67;Apartamento
Apartamento;Tijuca;3;1;1;78;2300.0;587.0;0.0;29.49;Apartamento
Apartamento;Tijuca;2;1;1;71;2400.0;860.0;117.0;33.8;Apartamento
Apartamento;Tijuca;2;0;0;40;1400.0;466.0;18.0;35.0;Apartamento
Apartamento;Tijuca;2;1;1;70;2100.0;1015.0;96.0;30.0;Apartamento
Apartamento;Tijuca;2;1;1;59;2200.0;610.0;103.0;37.29;Apartamento
Apartamento;Tijuca;2;1;1;70;1200.0;450.0;95.0;17.14;Apartamento
Apartamento;Tijuca;2;1;0;60;1700.0;510.0;0.0;28.33;Apartamento
Apartamento;Tijuca;1;0;0;57;1000.0;517.0;0.0;17.54;Apartamento
Apartamento;Tijuca;2;1;0;70;1850.0;685.0;98.0;26.43;Apartamento
Apartamento;Tijuca;2;2;1;185;3000.0;1548.0;224.0;16.22;Apartamento
Apartamento;Tijuca;2;0;0;80;1700.0;780.0;22.0;21.25;Apartamento
Apartamento;Tijuca;3;2;1;128;2700.0;1050.0;0.0;21.09;Apartamento
Apartamento;Tijuca;2;0;0;60;1800.0;690.0;81.0;30.0;Apartamento
Apartamento;Tijuca;3;1;1;91;2300.0;832.0;123.0;25.27;Apartamento
Apartamento;Tijuca;2;1;2;88;2800.0;850.0;120.0;31.82;Apartamento
Apartamento;Tijuca;2;0;1;90;2350.0;850.0;100.0;26.11;Apartamento
Apartamento;Tijuca;3;1;0;85;2500.0;905.0;183.0;29.41;Apartamento
Apartamento;Tijuca;3;2;1;109;2500.0;742.0;105.0;22.94;Apartamento
Apartamento;Tijuca;3;0;0;96;1900.0;514.0;91.0;19.79;Apartamento
Apartamento;Tijuca;3;1;0;92;1600.0;650.0;21.0;17.39;Apartamento
Apartamento;Tijuca;2;0;0;66;2000.0;250.0;0.0;30.3;Apartamento
Apartamento;Tijuca;3;0;1;170;2500.0;1700.0;0.0;14.71;Apartamento
Apartamento;Tijuca;3;2;0;160;2800.0;800.0;100.0;17.5;Apartamento
Apartamento;Tijuca;2;1;0;66;1400.0;604.0;80.0;21.21;Apartamento
Apartamento;Tijuca;2;1;1;100;2500.0;907.0;140.0;25.0;Apartamento
Apartamento;Tijuca;3;2;1;100;2100.0;550.0;95.0;21.0;Apartamento
Apartamento;Tijuca;3;2;1;148;2700.0;1500.0;212.0;18.24;Apartamento
Apartamento;Tijuca;3;1;0;110;1900.0;513.0;144.0;17.27;Apartamento
Apartamento;Tijuca;3;1;1;79;1500.0;720.0;0.0;18.99;Apartamento
Apartamento;Tijuca;4;2;1;130;3200.0;1400.0;220.0;24.62;Apartamento
Apartamento;Tijuca;3;1;1;102;1690.0;970.0;132.0;16.57;Apartamento
Apartamento;Tijuca;3;0;1;110;3300.0;1215.0;0.0;30.0;Apartamento
Apartamento;Tijuca;4;2;1;153;2500.0;955.0;246.0;16.34;Apartamento
Apartamento;Tijuca;3;1;2;104;2500.0;900.0;1680.0;24.04;Apartamento
Apartamento;Tijuca;3;2;1;110;1800.0;1400.0;133.0;16.36;Apartamento
Apartamento;Tijuca;3;1;0;100;3500.0;1650.0;0.0;35.0;Apartamento
Apartamento;Tijuca;3;0;0;80;1460.0;455.0;124.0;18.25;Apartamento
Apartamento;Tijuca;2;0;0;40;1100.0;492.0;25.0;27.5;Apartamento
Apartamento;Tijuca;3;0;0;72;1100.0;438.0;23.0;15.28;Apartamento
Apartamento;Tijuca;3;0;0;85;1800.0;934.0;0.0;21.18;Apartamento
Apartamento;Tijuca;3;2;1;100;2000.0;786.0;180.0;20.0;Apartamento
Apartamento;Tijuca;3;1;1;90;2600.0;983.0;165.0;28.89;Apartamento
Apartamento;Tijuca;1;0;1;45;1300.0;380.0;47.0;28.89;Apartamento
Apartamento;Tijuca;3;0;1;170;2850.0;1730.0;0.0;16.76;Apartamento
Apartamento;Tijuca;2;0;0;70;1380.0;498.0;0.0;19.71;Apartamento
Apartamento;Tijuca;2;0;0;83;1600.0;510.0;0.0;19.28;Apartamento
Apartamento;Tijuca;2;1;0;67;1950.0;622.0;0.0;29.1;Apartamento
Apartamento;Tijuca;3;0;0;85;2000.0;715.0;80.0;23.53;Apartamento
Apartamento;Tijuca;2;0;1;74;2000.0;400.0;0.0;27.03;Apartamento
Apartamento;Tijuca;3;2;1;123;2500.0;1200.0;140.0;20.33;Apartamento
Apartamento;Tijuca;3;0;0;66;1450.0;606.0;21.0;21.97;Apartamento
Apartamento;Tijuca;2;1;0;68;1300.0;440.0;21.0;19.12;Apartamento
Apartamento;Tijuca;2;0;0;60;1500.0;520.0;20.0;25.0;Apartamento
Apartamento;Tijuca;3;1;1;116;1900.0;1421.0;0.0;16.38;Apartamento
Apartamento;Tijuca;1;1;0;48;1300.0;496.0;51.0;27.08;Apartamento
Apartamento;Tijuca;2;0;0;70;1700.0;222.0;25.0;24.29;Apartamento
Apartamento;Tijuca;3;0;0;80;1400.0;825.0;23.0;17.5;Apartamento
Apartamento;Tijuca;2;1;1;64;2200.0;665.0;66.0;34.38;Apartamento
Apartamento;Tijuca;2;1;0;58;2200.0;615.0;103.0;37.93;Apartamento
Apartamento;Tijuca;2;0;0;65;1500.0;270.0;20.0;23.08;Apartamento
Apartamento;Tijuca;2;0;0;60;1800.0;690.0;81.0;30.0;Apartamento
Apartamento;Tijuca;2;0;0;70;1800.0;220.0;0.0;25.71;Apartamento
Apartamento;Tijuca;2;0;0;55;1600.0;591.0;50.0;29.09;Apartamento
Apartamento;Tijuca;3;1;1;87;2200.0;850.0;0.0;25.29;Apartamento
Apartamento;Tijuca;2;0;0;70;1500.0;589.0;0.0;21.43;Apartamento
Apartamento;Tijuca;1;0;0;37;1000.0;462.0;0.0;27.03;Apartamento
Apartamento;Tijuca;2;1;0;80;1800.0;450.0;96.0;22.5;Apartamento
Apartamento;Tijuca;2;0;0;84;1600.0;300.0;0.0;19.05;Apartamento
Apartamento;Tijuca;3;2;1;90;2500.0;800.0;0.0;27.78;Apartamento
Apartamento;Tijuca;2;1;0;70;1300.0;630.0;20.0;18.57;Apartamento
Apartamento;Tijuca;2;0;0;65;1600.0;780.0;0.0;24.62;Apartamento
Apartamento;Tijuca;3;1;0;90;2200.0;600.0;83.0;24.44;Apartamento
Apartamento;Tijuca;2;0;0;70;1500.0;705.0;62.0;21.43;Apartamento
Apartamento;Tijuca;2;1;0;73;1700.0;500.0;0.0;23.29;Apartamento
Apartamento;Tijuca;2;1;1;85;1800.0;848.0;107.0;21.18;Apartamento
Apartamento;Tijuca;2;1;0;73;1800.0;630.0;0.0;24.66;Apartamento
Apartamento;Tijuca;1;0;0;45;1950.0;550.0;55.0;43.33;Apartamento
Apartamento;Tijuca;5;2;2;240;3000.0;1430.0;548.0;12.5;Apartamento
Apartamento;Tijuca;2;0;0;65;1550.0;489.0;61.0;23.85;Apartamento
Apartamento;Tijuca;2;0;0;70;1200.0;900.0;82.0;17.14;Apartamento
Apartamento;Tijuca;2;1;0;61;1800.0;740.0;0.0;29.51;Apartamento
Apartamento;Tijuca;3;1;0;80;1900.0;646.0;40.0;23.75;Apartamento
Apartamento;Tijuca;1;0;0;50;1500.0;650.0;0.0;30.0;Apartamento
Apartamento;Tijuca;1;0;0;45;1500.0;509.0;0.0;33.33;Apartamento
Apartamento;Tijuca;2;1;1;87;1800.0;989.0;185.0;20.69;Apartamento
Apartamento;Tijuca;3;0;0;105;2000.0;512.0;130.0;19.05;Apartamento
Apartamento;Tijuca;2;1;0;80;2000.0;650.0;124.0;25.0;Apartamento
Apartamento;Tijuca;2;0;0;65;1570.0;550.0;16.0;24.15;Apartamento
Apartamento;Tijuca;4;2;1;140;3500.0;980.0;199.0;25.0;Apartamento
Apartamento;Tijuca;2;1;0;88;1200.0;640.0;0.0;13.64;Apartamento
Apartamento;Tijuca;2;1;0;85;1850.0;440.0;48.0;21.76;Apartamento
Apartamento;Tijuca;3;1;0;85;2500.0;650.0;83.0;29.41;Apartamento
Apartamento;Tijuca;3;0;0;104;1800.0;400.0;0.0;17.31;Apartamento
Apartamento;Tijuca;2;1;1;90;2500.0;600.0;130.0;27.78;Apartamento
Apartamento;Tijuca;2;0;0;61;1500.0;530.0;50.0;24.59;Apartamento
Apartamento;Tijuca;3;1;1;118;2600.0;594.0;161.0;22.03;Apartamento
Apartamento;Tijuca;4;1;0;131;2800.0;585.0;1377.0;21.37;Apartamento
Apartamento;Tijuca;3;1;0;100;2000.0;800.0;0.0;20.0;Apartamento
Apartamento;Tijuca;4;2;1;135;3000.0;1350.0;200.0;22.22;Apartamento
Apartamento;Tijuca;2;1;0;79;2000.0;891.0;0.0;25.32;Apartamento
Apartamento;Tijuca;2;1;0;76;2500.0;724.0;0.0;32.89;Apartamento
Apartamento;Tijuca;2;1;0;70;2000.0;526.0;764.0;28.57;Apartamento
Apartamento;Tijuca;2;0;0;58;1300.0;470.0;24.0;22.41;Apartamento
Apartamento;Tijuca;1;0;0;40;1200.0;398.0;25.0;30.0;Apartamento
Apartamento;Tijuca;1;0;0;50;1100.0;350.0;21.0;22.0;Apartamento
Apartamento;Tijuca;3;1;1;93;3000.0;1558.0;0.0;32.26;Apartamento
Apartamento;Tijuca;3;2;1;135;2500.0;1240.0;0.0;18.52;Apartamento
Apartamento;Tijuca;3;0;0;100;1600.0;450.0;104.0;16.0;Apartamento
Apartamento;Tijuca;3;1;0;148;2200.0;990.0;196.0;14.86;Apartamento
Apartamento;Tijuca;3;0;0;96;1800.0;1000.0;96.0;18.75;Apartamento
Apartamento;Tijuca;3;2;1;110;2250.0;900.0;0.0;20.45;Apartamento
Apartamento;Tijuca;2;1;1;70;2200.0;680.0;70.0;31.43;Apartamento
Apartamento;Tijuca;3;1;1;106;2000.0;900.0;0.0;18.87;Apartamento
Apartamento;Tijuca;2;2;1;100;1600.0;810.0;138.0;16.0;Apartamento
Apartamento;Tijuca;1;0;0;48;1000.0;650.0;47.0;20.83;Apartamento
Apartamento;Tijuca;3;1;0;110;2490.0;1100.0;141.0;22.64;Apartamento
Apartamento;Tijuca;2;1;1;95;1650.0;1000.0;0.0;17.37;Apartamento
Apartamento;Tijuca;2;1;0;84;1850.0;940.0;190.0;22.02;Apartamento
Apartamento;Tijuca;3;0;0;80;1800.0;492.0;90.0;22.5;Apartamento
Apartamento;Tijuca;3;2;1;82;2600.0;1022.0;180.0;31.71;Apartamento
Apartamento;Tijuca;2;0;1;74;2200.0;650.0;150.0;29.73;Apartamento
Apartamento;Tijuca;2;1;0;85;1700.0;580.0;100.0;20.0;Apartamento
Apartamento;Tijuca;1;1;0;57;1700.0;595.0;495.0;29.82;Apartamento
Apartamento;Tijuca;3;1;0;103;1950.0;610.0;99.0;18.93;Apartamento
Apartamento;Tijuca;2;1;1;90;2400.0;800.0;80.0;26.67;Apartamento
Apartamento;Tijuca;1;0;0;39;1400.0;251.0;24.0;35.9;Apartamento
Apartamento;Tijuca;3;1;0;170;3000.0;945.0;225.0;17.65;Apartamento
Apartamento;Tijuca;3;1;0;115;2250.0;1000.0;0.0;19.57;Apartamento
Apartamento;Tijuca;3;1;0;85;2000.0;935.0;0.0;23.53;Apartamento
Apartamento;Tijuca;2;1;1;90;2500.0;970.0;165.0;27.78;Apartamento
Apartamento;Tijuca;2;1;0;68;1800.0;650.0;24.0;26.47;Apartamento
Apartamento;Tijuca;2;1;0;67;1500.0;573.0;50.0;22.39;Apartamento
Apartamento;Tijuca;2;1;1;75;1300.0;550.0;0.0;17.33;Apartamento
Apartamento;Tijuca;3;2;1;119;2500.0;830.0;0.0;21.01;Apartamento
Apartamento;Tijuca;2;1;0;70;1500.0;720.0;75.0;21.43;Apartamento
Apartamento;Tijuca;3;1;0;73;2100.0;650.0;97.0;28.77;Apartamento
Apartamento;Tijuca;3;1;1;105;2350.0;893.0;147.0;22.38;Apartamento
Apartamento;Tijuca;2;0;0;77;1800.0;505.0;0.0;23.38;Apartamento
Apartamento;Tijuca;3;1;1;79;1950.0;1100.0;0.0;24.68;Apartamento
Apartamento;Tijuca;2;1;0;68;1600.0;560.0;24.0;23.53;Apartamento
Apartamento;Tijuca;2;1;0;76;1400.0;772.0;83.0;18.42;Apartamento
Apartamento;Tijuca;4;1;0;131;2800.0;585.0;1377.0;21.37;Apartamento
Apartamento;Tijuca;2;0;0;65;1200.0;520.0;85.0;18.46;Apartamento
Apartamento;Tijuca;3;0;0;88;1600.0;804.0;92.0;18.18;Apartamento
Apartamento;Tijuca;2;1;2;90;3200.0;1000.0;0.0;35.56;Apartamento
Apartamento;Tijuca;3;1;1;110;1450.0;1295.0;0.0;13.18;Apartamento
Apartamento;Tijuca;2;1;0;64;1800.0;815.0;50.0;28.12;Apartamento
Apartamento;Tijuca;2;1;0;62;1650.0;639.0;61.0;26.61;Apartamento
Apartamento;Tijuca;2;1;0;65;1200.0;640.0;97.0;18.46;Apartamento
Apartamento;Tijuca;3;1;1;125;2400.0;870.0;141.0;19.2;Apartamento
Apartamento;Tijuca;2;1;0;80;1000.0;614.0;0.0;12.5;Apartamento
Apartamento;Tijuca;2;1;0;65;2000.0;600.0;0.0;30.77;Apartamento
Apartamento;Tijuca;3;0;1;50;2900.0;900.0;0.0;58.0;Apartamento
Apartamento;Tijuca;2;0;0;75;2100.0;482.0;88.0;28.0;Apartamento
Apartamento;Tijuca;3;0;0;92;1600.0;805.0;160.0;17.39;Apartamento
Apartamento;Tijuca;2;0;0;68;1290.0;670.0;74.0;18.97;Apartamento
Apartamento;Tijuca;3;1;1;165;2650.0;1308.0;0.0;16.06;Apartamento
Apartamento;Tijuca;2;1;0;70;1600.0;471.0;0.0;22.86;Apartamento
Apartamento;Tijuca;2;1;1;94;2000.0;650.0;0.0;21.28;Apartamento
Apartamento;Tijuca;2;0;1;110;2000.0;450.0;128.0;18.18;Apartamento
Apartamento;Tijuca;3;2;1;122;3000.0;1070.0;300.0;24.59;Apartamento
Apartamento;Tijuca;3;1;0;175;2500.0;1120.0;0.0;14.29;Apartamento
Apartamento;Tijuca;3;0;0;87;1500.0;600.0;100.0;17.24;Apartamento
Apartamento;Tijuca;2;0;0;85;1400.0;580.0;105.0;16.47;Apartamento
Apartamento;Tijuca;3;2;1;108;2499.0;730.0;150.0;23.14;Apartamento
Apartamento;Tijuca;1;0;0;44;1500.0;257.0;20.0;34.09;Apartamento
Apartamento;Tijuca;3;2;1;99;3200.0;685.0;225.0;32.32;Apartamento
Apartamento;Tijuca;2;1;0;78;1800.0;620.0;62.0;23.08;Apartamento
Apartamento;Tijuca;2;0;0;69;1700.0;760.0;62.0;24.64;Apartamento
Apartamento;Tijuca;2;3;0;70;1680.0;230.0;45.0;24.0;Apartamento
Apartamento;Tijuca;3;1;0;75;1900.0;860.0;141.0;25.33;Apartamento
Apartamento;Tijuca;1;0;0;28;1000.0;360.0;25.0;35.71;Apartamento
Casa;Tijuca;4;1;1;191;4000.0;300.0;0.0;20.94;Casa
Casa;Tijuca;4;6;0;160;3500.0;0.0;0.0;21.88;Casa
Casa;Tijuca;2;0;0;50;2100.0;100.0;0.0;42.0;Casa
Casa;Tijuca;3;0;0;45;2500.0;0.0;0.0;55.56;Casa
Casa;Tijuca;4;3;3;164;3900.0;0.0;175.0;23.78;Casa
Casa;Tijuca;7;2;0;340;10000.0;0.0;1944.0;29.41;Casa
Casa;Tijuca;3;5;1;260;6500.0;0.0;1031.0;25.0;Casa
Casa;Tijuca;2;1;0;96;1900.0;0.0;105.0;19.79;Casa
Casa;Tijuca;4;1;0;230;5000.0;0.0;0.0;21.74;Casa
Casa;Tijuca;6;8;2;215;6000.0;0.0;3500.0;27.91;Casa
Casa;Tijuca;5;1;0;139;3500.0;0.0;545.0;25.18;Casa
Casa;Tijuca;3;0;0;120;2900.0;206.0;0.0;24.17;Casa
Casa;Tijuca;7;4;0;400;10000.0;0.0;283.0;25.0;Casa
Casa;Tijuca;3;1;0;198;2000.0;0.0;0.0;10.1;Casa
Casa;Tijuca;2;0;0;71;2300.0;25.0;0.0;32.39;Casa
Casa;Tijuca;2;0;0;107;2300.0;500.0;0.0;21.5;Casa
Casa de Vila;Tijuca;2;0;0;78;1700.0;35.0;0.0;21.79;Casa
Casa de Vila;Tijuca;2;1;2;90;2700.0;600.0;170.0;30.0;Casa
Casa de Vila;Tijuca;2;0;0;75;1500.0;342.0;0.0;20.0;Casa
Casa de Vila;Tijuca;2;0;0;71;2500.0;0.0;60.0;35.21;Casa
Casa de Vila;Tijuca;1;0;0;35;1200.0;10.0;260.0;34.29;Casa
Casa de Vila;Tijuca;3;1;3;140;3990.0;90.0;225.0;28.5;Casa
Casa de Vila;Tijuca;2;1;1;52;2500.0;500.0;0.0;48.08;Casa
Casa de Vila;Tijuca;3;1;0;140;3200.0;0.0;0.0;22.86;Casa
Casa de Vila;Tijuca;2;1;0;65;1800.0;227.0;50.0;27.69;Casa
Casa de Vila;Tijuca;3;0;0;87;2600.0;0.0;0.0;29.89;Casa
Casa de Vila;Tijuca;2;0;0;95;2000.0;0.0;100.0;21.05;Casa
Casa de Vila;Tijuca;2;0;0;70;1500.0;0.0;0.0;21.43;Casa
Casa de Vila;Tijuca;2;0;0;73;2500.0;25.0;64.0;34.25;Casa
Casa de Vila;Tijuca;2;0;0;75;2200.0;0.0;0.0;29.33;Casa
Quitinete;Tijuca;1;0;0;25;900.0;385.0;200.0;36.0;Apartamento
Quitinete;Tijuca;1;0;0;28;1200.0;300.0;20.0;42.86;Apartamento
Quitinete;Tijuca;1;0;0;30;950.0;193.0;24.0;31.67;Apartamento
Quitinete;Tijuca;1;0;0;25;1200.0;381.0;25.0;48.0;Apartamento
Quitinete;Tijuca;1;1;0;33;1500.0;415.0;159.0;45.45;Apartamento
Quitinete;Tijuca;1;0;1;26;800.0;483.0;24.0;30.77;Apartamento
Quitinete;Tijuca;0;0;0;30;1100.0;400.0;0.0;36.67;Apartamento
Quitinete;Tijuca;1;0;0;30;990.0;0.0;0.0;33.0;Apartamento
Quitinete;Tijuca;0;0;0;20;800.0;380.0;0.0;40.0;Apartamento
Quitinete;Tijuca;1;0;0;27;900.0;385.0;20.0;33.33;Apartamento
Quitinete;Tijuca;1;0;0;25;1000.0;449.0;0.0;40.0;Apartamento
Quitinete;Tijuca;1;0;0;24;1000.0;380.0;20.0;41.67;Apartamento
Quitinete;Tijuca;1;0;0;20;1000.0;300.0;0.0;50.0;Apartamento
Quitinete;Tijuca;1;0;0;30;1300.0;480.0;0.0;43.33;Apartamento
Quitinete;Tijuca;1;0;0;25;1000.0;346.0;0.0;40.0;Apartamento
Quitinete;Tijuca;1;0;0;28;1500.0;390.0;30.0;53.57;Apartamento
Quitinete;Tijuca;1;0;0;30;990.0;0.0;0.0;33.0;Apartamento
Quitinete;Tijuca;1;0;0;35;1100.0;327.0;0.0;31.43;Apartamento
Quitinete;Tijuca;1;0;1;25;1500.0;350.0;20.0;60.0;Apartamento
Quitinete;Tijuca;1;0;0;25;1000.0;380.0;0.0;40.0;Apartamento
